_instance_explain,132dee23-ff68-4db9-bb47-40623c6b669a,[0.954]
_instance_explain,74a52ddf-395e-479f-b8e3-668bccee6c9b,[0.954]
_instance_explain,2d3ed585-7411-44a3-a600-c47879acbca1,[0.946]
_instance_explain,bfa40439-cd00-44f0-ac47-48389121d5a2,[0.942]
_instance_explain,2bead0a2-41e7-43b5-8ad4-9682e1da7f6f,[0.954]
_instance_explain,9150faa8-2b3e-4139-90dd-a4bc5d217cb5,[0.946]
_instance_explain,1b0ea2c9-e5c7-4969-b079-8a43114b9af8,[0.942]
_instance_explain,5365e4d6-5005-4f46-b4f8-e944e92a6e42,[0.946]
_instance_explain,5f402152-c7e8-4022-9c45-a22996a3a583,[0.954]
_instance_explain,a9f94765-90d9-4bce-b632-8940297e97ea,[0.954]
_instance_explain,c23b4cab-c8b9-4019-b7f7-acff786aac27,[0.954]
_instance_explain,52dbc1cd-3012-44ff-ab3b-9d2ab8fa17ed,[0.954]
_instance_explain,bc34984b-1abb-4cb1-b9ec-cb11e1e8d48b,[0.954]
_instance_explain,86a059b5-4d8d-4e3c-918a-df3ae5c3bf6f,[0.954]
_instance_explain,4063ed50-9b79-4b6e-a654-78e026ab3a83,[0.954]
_instance_explain,88c1ac52-e811-4b8c-974a-0e8611f49a76,[0.954]
_instance_explain,20dcb317-083f-487b-aee0-54aadd1d6961,[0.948]
_instance_explain,add1d272-a07b-49d7-898c-37169343c273,[0.946]
_instance_explain,b7a79abe-4842-45f7-bc86-899ff749b311,[0.946]
_instance_explain,192a73d8-cd55-4c05-bb19-dce0e628a3b6,[0.95]
_instance_explain,69f6fdb1-183e-4dd0-8ea6-a6932ce1f520,[0.946]
_instance_explain,c74fe17e-d658-4c69-9eb3-c7daab23edfb,[0.954]
_instance_explain,fe709369-951f-4200-abbc-00df4a7857e4,[0.95]
_instance_explain,01d856dd-ff5d-4fb0-85b9-94d6b2e56084,[0.95]
_instance_explain,bb191a07-c0e1-4f29-a86d-cad04b7e1722,[0.946]
_instance_explain,e124a29f-752b-4930-b64f-8673f0fc3647,[0.946]
_instance_explain,430871a8-1fff-4c43-87a1-7dd16748f7e8,[0.946]
_instance_explain,aec6901b-de65-4b01-b286-9c316110204c,[0.934]
_instance_explain,803acc65-5e3f-4f4e-bee9-f48682accc94,[0.95]
_instance_explain,d184d033-6ee8-4e1d-8673-0796af3c3bf7,[0.954]
_instance,54e57ac2-2183-42fb-bdac-ec149680b752,[0.954]
_instance,5ab56b7a-0de1-40a3-a0fe-4fb310ea88b9,[0.954]
_instance,1a664a37-6e70-4eeb-9f64-1dc5efa874fe,[0.946]
_instance,6ff5f9b5-23af-486f-8a9d-940b05e5f74c,[0.954]
_instance,155c47f5-fbbf-4857-bb02-48530eea23b6,[0.95]
_instance,86fc88ec-7fb2-477f-b567-81f67e16285c,[0.954]
_instance,8f78e0bd-ab97-4772-aa82-df723200d4e4,[0.954]
_instance,65702067-a133-4169-a0fb-1260122e938b,[0.938]
_instance,3b8cdfae-0726-425f-b4e2-d5894133e2d4,[0.954]
_instance,2b1462ee-0aac-4bae-8d20-e204dc72c41d,[0.954]
_instance,e08294be-7af4-4f63-9247-8d9deb922d6e,[0.954]
_instance,949cac9e-02d8-4072-8e55-0decdc68c6c0,[0.954]
_instance,0aacb45b-313f-4523-bd61-a265348e95e9,[0.946]
_instance,cfa93335-dd25-4fd4-a6d1-76d0be2cc14c,[0.946]
_instance,0c56438a-4765-410f-817e-1a0a9a52d8d7,[0.954]
_instance,fbe19d5e-929f-42e4-9ce6-90b7e81161b1,[0.95]
_instance,d95a2663-a729-4c07-be86-c05679b6f4ad,[0.948]
_instance,dafcb7be-70e6-4dcc-bf08-b78254720184,[0.954]
_instance,b6fa18a5-c1b0-4dd2-8225-6e8603b5bd9c,[0.948]
_instance,475bfc41-690e-4bd7-8df3-2bb0cad68b9d,[0.954]
_instance,03b284a4-75b6-4aae-b17f-8ca8344e3ebe,[0.954]
_instance,ce3e9179-3261-4ca4-a53a-9cd135bb8612,[0.954]
_instance,04bf9083-f64f-4827-a649-6dda43989060,[0.954]
_instance,e7b54913-5b56-4f97-a7c4-8582309b17f0,[0.954]
_instance,1f5e41d8-cefa-4830-a9af-4a826d416b75,[0.954]
_instance,cf2fe833-5ba1-4bd1-a9f4-cabb57b2f66b,[0.954]
_instance,433be7db-be2d-4e70-88d5-6c6d2c990a33,[0.948]
_instance,b0a1fa06-0ac4-45d1-ad75-933e75b58388,[0.954]
_instance,54c9cf3d-cd12-4bf7-932a-5ec8fd6c95cc,[0.954]
_instance,5299c35f-4f47-4d83-94c0-4f03e8b18969,[0.954]
