_explain_feature,26ac0ece-9558-4154-933a-80ca6014562e,104917-b-practice-success.txt,3
_explain_feature,1cade761-f7d3-4d8e-978d-7560a7aa41b8,105057-b-close-failed.txt,3
_explain_feature,1cade761-f7d3-4d8e-978d-7560a7aa41b8,105028-b-m3-success.txt,3
_explain_feature,1cade761-f7d3-4d8e-978d-7560a7aa41b8,54775-h-failed.txt,3
_explain_feature,1cade761-f7d3-4d8e-978d-7560a7aa41b8,54721-h-m2-success.txt,3
_explain_feature,1cade761-f7d3-4d8e-978d-7560a7aa41b8,104993-success.txt,4
_explain_feature,1cade761-f7d3-4d8e-978d-7560a7aa41b8,54200-h-m4-success.txt,3
_explain_feature,1cade761-f7d3-4d8e-978d-7560a7aa41b8,54366-h-close-success.txt,3
_explain_feature,1cade761-f7d3-4d8e-978d-7560a7aa41b8,104979-success.txt,3
_explain_feature,1cade761-f7d3-4d8e-978d-7560a7aa41b8,104917-b-practice-success.txt,3
_explain_feature,1cade761-f7d3-4d8e-978d-7560a7aa41b8,54295-h-m1-success.txt,3
_explain_feature,1cade761-f7d3-4d8e-978d-7560a7aa41b8,104944-b-failed.txt,3
_explain_feature,c9d6d4ca-3555-4514-8aa7-2b534da27734,104917-b-practice-success.txt,3
_explain_feature,47926948-01eb-4bfc-b974-dc46b47a4f24,105057-b-close-failed.txt,3
_explain_feature,47926948-01eb-4bfc-b974-dc46b47a4f24,54775-h-failed.txt,4
_explain_feature,47926948-01eb-4bfc-b974-dc46b47a4f24,105028-b-m3-success.txt,4
_explain_feature,47926948-01eb-4bfc-b974-dc46b47a4f24,104993-success.txt,4
_explain_feature,47926948-01eb-4bfc-b974-dc46b47a4f24,54721-h-m2-success.txt,3
_explain_feature,47926948-01eb-4bfc-b974-dc46b47a4f24,54200-h-m4-success.txt,3
_explain_feature,47926948-01eb-4bfc-b974-dc46b47a4f24,54366-h-close-success.txt,3
_explain_feature,47926948-01eb-4bfc-b974-dc46b47a4f24,104979-success.txt,3
_explain_feature,47926948-01eb-4bfc-b974-dc46b47a4f24,104917-b-practice-success.txt,4
_explain_feature,47926948-01eb-4bfc-b974-dc46b47a4f24,54295-h-m1-success.txt,3
_explain_feature,47926948-01eb-4bfc-b974-dc46b47a4f24,104944-b-failed.txt,3
_explain_feature,6a527b44-6f3b-466b-b2ad-b8efe1d4f7f3,104917-b-practice-success.txt,3
_feature,5fa76e8a-2362-40a9-bcf4-0f2c80b73d14,105057-b-close-failed.txt,4
_feature,5fa76e8a-2362-40a9-bcf4-0f2c80b73d14,105028-b-m3-success.txt,3
_feature,5fa76e8a-2362-40a9-bcf4-0f2c80b73d14,54775-h-failed.txt,3
_feature,5fa76e8a-2362-40a9-bcf4-0f2c80b73d14,104993-success.txt,3
_feature,5fa76e8a-2362-40a9-bcf4-0f2c80b73d14,54721-h-m2-success.txt,3
_feature,5fa76e8a-2362-40a9-bcf4-0f2c80b73d14,54200-h-m4-success.txt,3
_feature,5fa76e8a-2362-40a9-bcf4-0f2c80b73d14,54366-h-close-success.txt,3
_feature,5fa76e8a-2362-40a9-bcf4-0f2c80b73d14,104979-success.txt,3
_feature,5fa76e8a-2362-40a9-bcf4-0f2c80b73d14,104917-b-practice-success.txt,7
_feature,5fa76e8a-2362-40a9-bcf4-0f2c80b73d14,54295-h-m1-success.txt,3
_feature,5fa76e8a-2362-40a9-bcf4-0f2c80b73d14,104944-b-failed.txt,3
_feature,283d6f0b-2abf-4271-93ba-7a37cd9733fe,105057-b-close-failed.txt,3
_feature,283d6f0b-2abf-4271-93ba-7a37cd9733fe,105028-b-m3-success.txt,3
_feature,283d6f0b-2abf-4271-93ba-7a37cd9733fe,54775-h-failed.txt,4
_feature,283d6f0b-2abf-4271-93ba-7a37cd9733fe,54721-h-m2-success.txt,3
_feature,283d6f0b-2abf-4271-93ba-7a37cd9733fe,54200-h-m4-success.txt,3
_feature,283d6f0b-2abf-4271-93ba-7a37cd9733fe,104993-success.txt,4
_feature,283d6f0b-2abf-4271-93ba-7a37cd9733fe,54366-h-close-success.txt,3
_feature,283d6f0b-2abf-4271-93ba-7a37cd9733fe,104979-success.txt,5
_feature,283d6f0b-2abf-4271-93ba-7a37cd9733fe,104917-b-practice-success.txt,3
_feature,283d6f0b-2abf-4271-93ba-7a37cd9733fe,54295-h-m1-success.txt,3
_feature,283d6f0b-2abf-4271-93ba-7a37cd9733fe,104944-b-failed.txt,3
_feature,89172b9b-c69a-4eaf-a0b7-19d574b914f3,105057-b-close-failed.txt,3
_feature,89172b9b-c69a-4eaf-a0b7-19d574b914f3,54775-h-failed.txt,3
_feature,89172b9b-c69a-4eaf-a0b7-19d574b914f3,105028-b-m3-success.txt,4
_feature,89172b9b-c69a-4eaf-a0b7-19d574b914f3,104993-success.txt,5
_feature,89172b9b-c69a-4eaf-a0b7-19d574b914f3,54200-h-m4-success.txt,4
_feature,89172b9b-c69a-4eaf-a0b7-19d574b914f3,54721-h-m2-success.txt,3
_feature,89172b9b-c69a-4eaf-a0b7-19d574b914f3,54366-h-close-success.txt,3
_feature,89172b9b-c69a-4eaf-a0b7-19d574b914f3,104979-success.txt,3
_feature,89172b9b-c69a-4eaf-a0b7-19d574b914f3,104917-b-practice-success.txt,3
_feature,89172b9b-c69a-4eaf-a0b7-19d574b914f3,54295-h-m1-success.txt,3
_feature,89172b9b-c69a-4eaf-a0b7-19d574b914f3,104944-b-failed.txt,4
_feature,a5b47276-5fa0-476e-9371-d2bd330619f7,105057-b-close-failed.txt,3
_feature,a5b47276-5fa0-476e-9371-d2bd330619f7,54775-h-failed.txt,3
_feature,a5b47276-5fa0-476e-9371-d2bd330619f7,105028-b-m3-success.txt,3
_feature,a5b47276-5fa0-476e-9371-d2bd330619f7,104993-success.txt,3
_feature,a5b47276-5fa0-476e-9371-d2bd330619f7,54721-h-m2-success.txt,3
_feature,a5b47276-5fa0-476e-9371-d2bd330619f7,54200-h-m4-success.txt,3
_feature,a5b47276-5fa0-476e-9371-d2bd330619f7,54366-h-close-success.txt,3
_feature,a5b47276-5fa0-476e-9371-d2bd330619f7,104979-success.txt,3
_feature,a5b47276-5fa0-476e-9371-d2bd330619f7,104917-b-practice-success.txt,3
_feature,a5b47276-5fa0-476e-9371-d2bd330619f7,54295-h-m1-success.txt,3
_feature,a5b47276-5fa0-476e-9371-d2bd330619f7,104944-b-failed.txt,3
_feature,8853d73b-33fd-4a88-87a0-a3827d30092e,105057-b-close-failed.txt,3
_feature,8853d73b-33fd-4a88-87a0-a3827d30092e,105028-b-m3-success.txt,4
_feature,8853d73b-33fd-4a88-87a0-a3827d30092e,54775-h-failed.txt,3
_feature,8853d73b-33fd-4a88-87a0-a3827d30092e,104993-success.txt,3
_feature,8853d73b-33fd-4a88-87a0-a3827d30092e,54721-h-m2-success.txt,3
_feature,8853d73b-33fd-4a88-87a0-a3827d30092e,54200-h-m4-success.txt,3
_feature,8853d73b-33fd-4a88-87a0-a3827d30092e,54366-h-close-success.txt,3
_feature,8853d73b-33fd-4a88-87a0-a3827d30092e,104979-success.txt,4
_feature,8853d73b-33fd-4a88-87a0-a3827d30092e,104917-b-practice-success.txt,3
_feature,8853d73b-33fd-4a88-87a0-a3827d30092e,54295-h-m1-success.txt,3
_feature,8853d73b-33fd-4a88-87a0-a3827d30092e,104944-b-failed.txt,3
_feature,9aa28af0-7d15-4438-a278-657c93dda3d5,105057-b-close-failed.txt,3
_feature,9aa28af0-7d15-4438-a278-657c93dda3d5,105028-b-m3-success.txt,3
_feature,9aa28af0-7d15-4438-a278-657c93dda3d5,54775-h-failed.txt,3
_feature,9aa28af0-7d15-4438-a278-657c93dda3d5,54200-h-m4-success.txt,3
_feature,9aa28af0-7d15-4438-a278-657c93dda3d5,104993-success.txt,5
_feature,9aa28af0-7d15-4438-a278-657c93dda3d5,54721-h-m2-success.txt,3
_feature,9aa28af0-7d15-4438-a278-657c93dda3d5,54366-h-close-success.txt,3
_feature,9aa28af0-7d15-4438-a278-657c93dda3d5,104979-success.txt,3
_feature,9aa28af0-7d15-4438-a278-657c93dda3d5,104917-b-practice-success.txt,3
_feature,9aa28af0-7d15-4438-a278-657c93dda3d5,54295-h-m1-success.txt,3
_feature,9aa28af0-7d15-4438-a278-657c93dda3d5,104944-b-failed.txt,3
_feature,b7f37ac6-81b3-4845-aa5c-a0cc82f6705b,105057-b-close-failed.txt,3
_feature,b7f37ac6-81b3-4845-aa5c-a0cc82f6705b,105028-b-m3-success.txt,3
_feature,b7f37ac6-81b3-4845-aa5c-a0cc82f6705b,54775-h-failed.txt,4
_feature,b7f37ac6-81b3-4845-aa5c-a0cc82f6705b,54721-h-m2-success.txt,3
_feature,b7f37ac6-81b3-4845-aa5c-a0cc82f6705b,54200-h-m4-success.txt,3
_feature,b7f37ac6-81b3-4845-aa5c-a0cc82f6705b,104993-success.txt,4
_feature,b7f37ac6-81b3-4845-aa5c-a0cc82f6705b,54366-h-close-success.txt,3
_feature,b7f37ac6-81b3-4845-aa5c-a0cc82f6705b,104979-success.txt,3
_feature,b7f37ac6-81b3-4845-aa5c-a0cc82f6705b,104917-b-practice-success.txt,3
_feature,b7f37ac6-81b3-4845-aa5c-a0cc82f6705b,54295-h-m1-success.txt,3
_feature,b7f37ac6-81b3-4845-aa5c-a0cc82f6705b,104944-b-failed.txt,3
_feature,1ddd5f5a-6937-4cee-b5cb-8fab1eb1ef38,105057-b-close-failed.txt,3
_feature,1ddd5f5a-6937-4cee-b5cb-8fab1eb1ef38,54775-h-failed.txt,3
_feature,1ddd5f5a-6937-4cee-b5cb-8fab1eb1ef38,105028-b-m3-success.txt,3
_feature,1ddd5f5a-6937-4cee-b5cb-8fab1eb1ef38,104993-success.txt,5
_feature,1ddd5f5a-6937-4cee-b5cb-8fab1eb1ef38,54721-h-m2-success.txt,3
_feature,1ddd5f5a-6937-4cee-b5cb-8fab1eb1ef38,54200-h-m4-success.txt,3
_feature,1ddd5f5a-6937-4cee-b5cb-8fab1eb1ef38,54366-h-close-success.txt,3
_feature,1ddd5f5a-6937-4cee-b5cb-8fab1eb1ef38,104979-success.txt,3
_feature,1ddd5f5a-6937-4cee-b5cb-8fab1eb1ef38,104917-b-practice-success.txt,3
_feature,1ddd5f5a-6937-4cee-b5cb-8fab1eb1ef38,54295-h-m1-success.txt,4
_feature,1ddd5f5a-6937-4cee-b5cb-8fab1eb1ef38,104944-b-failed.txt,3
_feature,829d8efe-ddde-4414-981c-5669bacd5396,105057-b-close-failed.txt,3
_feature,829d8efe-ddde-4414-981c-5669bacd5396,54775-h-failed.txt,4
_feature,829d8efe-ddde-4414-981c-5669bacd5396,105028-b-m3-success.txt,4
_feature,829d8efe-ddde-4414-981c-5669bacd5396,104993-success.txt,4
_feature,829d8efe-ddde-4414-981c-5669bacd5396,54200-h-m4-success.txt,3
_feature,829d8efe-ddde-4414-981c-5669bacd5396,54721-h-m2-success.txt,3
_feature,829d8efe-ddde-4414-981c-5669bacd5396,54366-h-close-success.txt,3
_feature,829d8efe-ddde-4414-981c-5669bacd5396,104979-success.txt,4
_feature,829d8efe-ddde-4414-981c-5669bacd5396,104917-b-practice-success.txt,3
_feature,829d8efe-ddde-4414-981c-5669bacd5396,54295-h-m1-success.txt,3
_feature,829d8efe-ddde-4414-981c-5669bacd5396,104944-b-failed.txt,3
_feature,2433d69f-0ecc-4dd8-aca1-14432bf264bf,105057-b-close-failed.txt,3
_feature,2433d69f-0ecc-4dd8-aca1-14432bf264bf,54775-h-failed.txt,3
_feature,2433d69f-0ecc-4dd8-aca1-14432bf264bf,105028-b-m3-success.txt,3
_feature,2433d69f-0ecc-4dd8-aca1-14432bf264bf,104993-success.txt,3
_feature,2433d69f-0ecc-4dd8-aca1-14432bf264bf,54200-h-m4-success.txt,3
_feature,2433d69f-0ecc-4dd8-aca1-14432bf264bf,54721-h-m2-success.txt,3
_feature,2433d69f-0ecc-4dd8-aca1-14432bf264bf,54366-h-close-success.txt,3
_feature,2433d69f-0ecc-4dd8-aca1-14432bf264bf,104979-success.txt,5
_feature,2433d69f-0ecc-4dd8-aca1-14432bf264bf,104917-b-practice-success.txt,3
_feature,2433d69f-0ecc-4dd8-aca1-14432bf264bf,54295-h-m1-success.txt,3
_feature,2433d69f-0ecc-4dd8-aca1-14432bf264bf,104944-b-failed.txt,3
_feature,8e0427d3-ea51-490f-bac7-fcef995aa178,105057-b-close-failed.txt,3
_feature,8e0427d3-ea51-490f-bac7-fcef995aa178,105028-b-m3-success.txt,3
_feature,8e0427d3-ea51-490f-bac7-fcef995aa178,54775-h-failed.txt,3
_feature,8e0427d3-ea51-490f-bac7-fcef995aa178,54721-h-m2-success.txt,3
_feature,8e0427d3-ea51-490f-bac7-fcef995aa178,54200-h-m4-success.txt,3
_feature,8e0427d3-ea51-490f-bac7-fcef995aa178,104993-success.txt,4
_feature,8e0427d3-ea51-490f-bac7-fcef995aa178,54366-h-close-success.txt,3
_feature,8e0427d3-ea51-490f-bac7-fcef995aa178,104979-success.txt,3
_feature,8e0427d3-ea51-490f-bac7-fcef995aa178,104917-b-practice-success.txt,5
_feature,8e0427d3-ea51-490f-bac7-fcef995aa178,54295-h-m1-success.txt,3
_feature,8e0427d3-ea51-490f-bac7-fcef995aa178,104944-b-failed.txt,3
_feature,36379606-76e9-4ffd-aec3-9863d9ce0bb6,105057-b-close-failed.txt,4
_feature,36379606-76e9-4ffd-aec3-9863d9ce0bb6,105028-b-m3-success.txt,5
_feature,36379606-76e9-4ffd-aec3-9863d9ce0bb6,54775-h-failed.txt,3
_feature,36379606-76e9-4ffd-aec3-9863d9ce0bb6,104993-success.txt,3
_feature,36379606-76e9-4ffd-aec3-9863d9ce0bb6,54200-h-m4-success.txt,4
_feature,36379606-76e9-4ffd-aec3-9863d9ce0bb6,54721-h-m2-success.txt,3
_feature,36379606-76e9-4ffd-aec3-9863d9ce0bb6,54366-h-close-success.txt,3
_feature,36379606-76e9-4ffd-aec3-9863d9ce0bb6,104979-success.txt,3
_feature,36379606-76e9-4ffd-aec3-9863d9ce0bb6,104917-b-practice-success.txt,3
_feature,36379606-76e9-4ffd-aec3-9863d9ce0bb6,54295-h-m1-success.txt,3
_feature,36379606-76e9-4ffd-aec3-9863d9ce0bb6,104944-b-failed.txt,3
_feature,f32e4e5b-91e9-45ce-b21e-2c940e3306e3,105057-b-close-failed.txt,3
_feature,f32e4e5b-91e9-45ce-b21e-2c940e3306e3,54775-h-failed.txt,3
_feature,f32e4e5b-91e9-45ce-b21e-2c940e3306e3,105028-b-m3-success.txt,3
_feature,f32e4e5b-91e9-45ce-b21e-2c940e3306e3,54200-h-m4-success.txt,3
_feature,f32e4e5b-91e9-45ce-b21e-2c940e3306e3,104993-success.txt,4
_feature,f32e4e5b-91e9-45ce-b21e-2c940e3306e3,54721-h-m2-success.txt,3
_feature,f32e4e5b-91e9-45ce-b21e-2c940e3306e3,54366-h-close-success.txt,3
_feature,f32e4e5b-91e9-45ce-b21e-2c940e3306e3,104979-success.txt,4
_feature,f32e4e5b-91e9-45ce-b21e-2c940e3306e3,104917-b-practice-success.txt,3
_feature,f32e4e5b-91e9-45ce-b21e-2c940e3306e3,54295-h-m1-success.txt,3
_feature,f32e4e5b-91e9-45ce-b21e-2c940e3306e3,104944-b-failed.txt,3
_feature,4047f3f1-e491-4c36-a252-45cd8ef5dd91,105057-b-close-failed.txt,3
_feature,4047f3f1-e491-4c36-a252-45cd8ef5dd91,54775-h-failed.txt,3
_feature,4047f3f1-e491-4c36-a252-45cd8ef5dd91,105028-b-m3-success.txt,4
_feature,4047f3f1-e491-4c36-a252-45cd8ef5dd91,54200-h-m4-success.txt,3
_feature,4047f3f1-e491-4c36-a252-45cd8ef5dd91,104993-success.txt,4
_feature,4047f3f1-e491-4c36-a252-45cd8ef5dd91,54721-h-m2-success.txt,3
_feature,4047f3f1-e491-4c36-a252-45cd8ef5dd91,54366-h-close-success.txt,3
_feature,4047f3f1-e491-4c36-a252-45cd8ef5dd91,104979-success.txt,3
_feature,4047f3f1-e491-4c36-a252-45cd8ef5dd91,104917-b-practice-success.txt,3
_feature,4047f3f1-e491-4c36-a252-45cd8ef5dd91,54295-h-m1-success.txt,3
_feature,4047f3f1-e491-4c36-a252-45cd8ef5dd91,104944-b-failed.txt,3
_feature,dfd4bde5-d355-4f6a-abe3-fb172580823f,105057-b-close-failed.txt,4
_feature,dfd4bde5-d355-4f6a-abe3-fb172580823f,54775-h-failed.txt,3
_feature,dfd4bde5-d355-4f6a-abe3-fb172580823f,105028-b-m3-success.txt,3
_feature,dfd4bde5-d355-4f6a-abe3-fb172580823f,104993-success.txt,3
_feature,dfd4bde5-d355-4f6a-abe3-fb172580823f,54721-h-m2-success.txt,3
_feature,dfd4bde5-d355-4f6a-abe3-fb172580823f,54200-h-m4-success.txt,4
_feature,dfd4bde5-d355-4f6a-abe3-fb172580823f,54366-h-close-success.txt,3
_feature,dfd4bde5-d355-4f6a-abe3-fb172580823f,104979-success.txt,3
_feature,dfd4bde5-d355-4f6a-abe3-fb172580823f,104917-b-practice-success.txt,3
_feature,dfd4bde5-d355-4f6a-abe3-fb172580823f,54295-h-m1-success.txt,3
_feature,dfd4bde5-d355-4f6a-abe3-fb172580823f,104944-b-failed.txt,4
_feature,193b92f0-3e9d-464a-b1b9-eb8ed3de26a1,105057-b-close-failed.txt,3
_feature,193b92f0-3e9d-464a-b1b9-eb8ed3de26a1,54775-h-failed.txt,3
_feature,193b92f0-3e9d-464a-b1b9-eb8ed3de26a1,105028-b-m3-success.txt,3
_feature,193b92f0-3e9d-464a-b1b9-eb8ed3de26a1,104993-success.txt,4
_feature,193b92f0-3e9d-464a-b1b9-eb8ed3de26a1,54200-h-m4-success.txt,3
_feature,193b92f0-3e9d-464a-b1b9-eb8ed3de26a1,54721-h-m2-success.txt,3
_feature,193b92f0-3e9d-464a-b1b9-eb8ed3de26a1,54366-h-close-success.txt,3
_feature,193b92f0-3e9d-464a-b1b9-eb8ed3de26a1,104979-success.txt,3
_feature,193b92f0-3e9d-464a-b1b9-eb8ed3de26a1,104917-b-practice-success.txt,4
_feature,193b92f0-3e9d-464a-b1b9-eb8ed3de26a1,54295-h-m1-success.txt,3
_feature,193b92f0-3e9d-464a-b1b9-eb8ed3de26a1,104944-b-failed.txt,3
_feature,64f2470a-4fbf-4d89-aa13-fe269a420576,105057-b-close-failed.txt,3
_feature,64f2470a-4fbf-4d89-aa13-fe269a420576,54775-h-failed.txt,3
_feature,64f2470a-4fbf-4d89-aa13-fe269a420576,105028-b-m3-success.txt,3
_feature,64f2470a-4fbf-4d89-aa13-fe269a420576,104993-success.txt,3
_feature,64f2470a-4fbf-4d89-aa13-fe269a420576,54200-h-m4-success.txt,3
_feature,64f2470a-4fbf-4d89-aa13-fe269a420576,54721-h-m2-success.txt,3
_feature,64f2470a-4fbf-4d89-aa13-fe269a420576,54366-h-close-success.txt,3
_feature,64f2470a-4fbf-4d89-aa13-fe269a420576,104979-success.txt,5
_feature,64f2470a-4fbf-4d89-aa13-fe269a420576,104917-b-practice-success.txt,4
_feature,64f2470a-4fbf-4d89-aa13-fe269a420576,54295-h-m1-success.txt,3
_feature,64f2470a-4fbf-4d89-aa13-fe269a420576,104944-b-failed.txt,4
_feature,646dff6c-7e4e-4a34-bbef-e7079cad85b5,105057-b-close-failed.txt,3
_feature,646dff6c-7e4e-4a34-bbef-e7079cad85b5,105028-b-m3-success.txt,3
_feature,646dff6c-7e4e-4a34-bbef-e7079cad85b5,54775-h-failed.txt,3
_feature,646dff6c-7e4e-4a34-bbef-e7079cad85b5,104993-success.txt,3
_feature,646dff6c-7e4e-4a34-bbef-e7079cad85b5,54721-h-m2-success.txt,3
_feature,646dff6c-7e4e-4a34-bbef-e7079cad85b5,54200-h-m4-success.txt,5
_feature,646dff6c-7e4e-4a34-bbef-e7079cad85b5,54366-h-close-success.txt,3
_feature,646dff6c-7e4e-4a34-bbef-e7079cad85b5,104979-success.txt,3
_feature,646dff6c-7e4e-4a34-bbef-e7079cad85b5,104917-b-practice-success.txt,3
_feature,646dff6c-7e4e-4a34-bbef-e7079cad85b5,54295-h-m1-success.txt,3
_feature,646dff6c-7e4e-4a34-bbef-e7079cad85b5,104944-b-failed.txt,3
_feature,93464c5d-141f-4796-8996-110929ac5dad,105057-b-close-failed.txt,3
_feature,93464c5d-141f-4796-8996-110929ac5dad,105028-b-m3-success.txt,3
_feature,93464c5d-141f-4796-8996-110929ac5dad,54775-h-failed.txt,3
_feature,93464c5d-141f-4796-8996-110929ac5dad,54721-h-m2-success.txt,3
_feature,93464c5d-141f-4796-8996-110929ac5dad,54200-h-m4-success.txt,3
_feature,93464c5d-141f-4796-8996-110929ac5dad,104993-success.txt,3
_feature,93464c5d-141f-4796-8996-110929ac5dad,54366-h-close-success.txt,3
_feature,93464c5d-141f-4796-8996-110929ac5dad,104979-success.txt,4
_feature,93464c5d-141f-4796-8996-110929ac5dad,104917-b-practice-success.txt,4
_feature,93464c5d-141f-4796-8996-110929ac5dad,54295-h-m1-success.txt,3
_feature,93464c5d-141f-4796-8996-110929ac5dad,104944-b-failed.txt,3
_feature,02fec82f-310f-4bf2-8fc8-cee1c4c24fcc,105057-b-close-failed.txt,3
_feature,02fec82f-310f-4bf2-8fc8-cee1c4c24fcc,105028-b-m3-success.txt,4
_feature,02fec82f-310f-4bf2-8fc8-cee1c4c24fcc,54775-h-failed.txt,3
_feature,02fec82f-310f-4bf2-8fc8-cee1c4c24fcc,104993-success.txt,3
_feature,02fec82f-310f-4bf2-8fc8-cee1c4c24fcc,54200-h-m4-success.txt,3
_feature,02fec82f-310f-4bf2-8fc8-cee1c4c24fcc,54721-h-m2-success.txt,3
_feature,02fec82f-310f-4bf2-8fc8-cee1c4c24fcc,54366-h-close-success.txt,3
_feature,02fec82f-310f-4bf2-8fc8-cee1c4c24fcc,104979-success.txt,3
_feature,02fec82f-310f-4bf2-8fc8-cee1c4c24fcc,104917-b-practice-success.txt,3
_feature,02fec82f-310f-4bf2-8fc8-cee1c4c24fcc,54295-h-m1-success.txt,3
_feature,02fec82f-310f-4bf2-8fc8-cee1c4c24fcc,104944-b-failed.txt,3
_feature,f77fbe77-5c64-4ada-a701-aca1057c400e,105057-b-close-failed.txt,3
_feature,f77fbe77-5c64-4ada-a701-aca1057c400e,54775-h-failed.txt,3
_feature,f77fbe77-5c64-4ada-a701-aca1057c400e,105028-b-m3-success.txt,3
_feature,f77fbe77-5c64-4ada-a701-aca1057c400e,104993-success.txt,3
_feature,f77fbe77-5c64-4ada-a701-aca1057c400e,54200-h-m4-success.txt,3
_feature,f77fbe77-5c64-4ada-a701-aca1057c400e,54721-h-m2-success.txt,4
_feature,f77fbe77-5c64-4ada-a701-aca1057c400e,54366-h-close-success.txt,3
_feature,f77fbe77-5c64-4ada-a701-aca1057c400e,104979-success.txt,3
_feature,f77fbe77-5c64-4ada-a701-aca1057c400e,104917-b-practice-success.txt,3
_feature,f77fbe77-5c64-4ada-a701-aca1057c400e,54295-h-m1-success.txt,3
_feature,f77fbe77-5c64-4ada-a701-aca1057c400e,104944-b-failed.txt,3
_feature,30dd1b0d-b862-47ee-b4e7-86388df23c51,105057-b-close-failed.txt,3
_feature,30dd1b0d-b862-47ee-b4e7-86388df23c51,105028-b-m3-success.txt,3
_feature,30dd1b0d-b862-47ee-b4e7-86388df23c51,54775-h-failed.txt,3
_feature,30dd1b0d-b862-47ee-b4e7-86388df23c51,104993-success.txt,3
_feature,30dd1b0d-b862-47ee-b4e7-86388df23c51,54721-h-m2-success.txt,3
_feature,30dd1b0d-b862-47ee-b4e7-86388df23c51,54200-h-m4-success.txt,3
_feature,30dd1b0d-b862-47ee-b4e7-86388df23c51,54366-h-close-success.txt,3
_feature,30dd1b0d-b862-47ee-b4e7-86388df23c51,104979-success.txt,3
_feature,30dd1b0d-b862-47ee-b4e7-86388df23c51,104917-b-practice-success.txt,3
_feature,30dd1b0d-b862-47ee-b4e7-86388df23c51,54295-h-m1-success.txt,3
_feature,30dd1b0d-b862-47ee-b4e7-86388df23c51,104944-b-failed.txt,3
_feature,329593aa-be6c-4896-93c6-bbec08f0fb49,105057-b-close-failed.txt,3
_feature,329593aa-be6c-4896-93c6-bbec08f0fb49,54775-h-failed.txt,3
_feature,329593aa-be6c-4896-93c6-bbec08f0fb49,105028-b-m3-success.txt,4
_feature,329593aa-be6c-4896-93c6-bbec08f0fb49,54200-h-m4-success.txt,3
_feature,329593aa-be6c-4896-93c6-bbec08f0fb49,104993-success.txt,3
_feature,329593aa-be6c-4896-93c6-bbec08f0fb49,54721-h-m2-success.txt,3
_feature,329593aa-be6c-4896-93c6-bbec08f0fb49,54366-h-close-success.txt,3
_feature,329593aa-be6c-4896-93c6-bbec08f0fb49,104979-success.txt,4
_feature,329593aa-be6c-4896-93c6-bbec08f0fb49,104917-b-practice-success.txt,3
_feature,329593aa-be6c-4896-93c6-bbec08f0fb49,54295-h-m1-success.txt,3
_feature,329593aa-be6c-4896-93c6-bbec08f0fb49,104944-b-failed.txt,3
_feature,418b392e-6d29-4dce-98c6-e1411877c0b5,105057-b-close-failed.txt,3
_feature,418b392e-6d29-4dce-98c6-e1411877c0b5,54775-h-failed.txt,3
_feature,418b392e-6d29-4dce-98c6-e1411877c0b5,105028-b-m3-success.txt,3
_feature,418b392e-6d29-4dce-98c6-e1411877c0b5,104993-success.txt,3
_feature,418b392e-6d29-4dce-98c6-e1411877c0b5,54721-h-m2-success.txt,3
_feature,418b392e-6d29-4dce-98c6-e1411877c0b5,54200-h-m4-success.txt,3
_feature,418b392e-6d29-4dce-98c6-e1411877c0b5,54366-h-close-success.txt,3
_feature,418b392e-6d29-4dce-98c6-e1411877c0b5,104979-success.txt,3
_feature,418b392e-6d29-4dce-98c6-e1411877c0b5,104917-b-practice-success.txt,6
_feature,418b392e-6d29-4dce-98c6-e1411877c0b5,54295-h-m1-success.txt,3
_feature,418b392e-6d29-4dce-98c6-e1411877c0b5,104944-b-failed.txt,3
_feature,11c65c4f-fc43-4970-afd0-6849b7346898,105057-b-close-failed.txt,3
_feature,11c65c4f-fc43-4970-afd0-6849b7346898,105028-b-m3-success.txt,3
_feature,11c65c4f-fc43-4970-afd0-6849b7346898,54775-h-failed.txt,3
_feature,11c65c4f-fc43-4970-afd0-6849b7346898,54721-h-m2-success.txt,3
_feature,11c65c4f-fc43-4970-afd0-6849b7346898,54200-h-m4-success.txt,3
_feature,11c65c4f-fc43-4970-afd0-6849b7346898,104993-success.txt,3
_feature,11c65c4f-fc43-4970-afd0-6849b7346898,54366-h-close-success.txt,3
_feature,11c65c4f-fc43-4970-afd0-6849b7346898,104979-success.txt,3
_feature,11c65c4f-fc43-4970-afd0-6849b7346898,104917-b-practice-success.txt,3
_feature,11c65c4f-fc43-4970-afd0-6849b7346898,54295-h-m1-success.txt,3
_feature,11c65c4f-fc43-4970-afd0-6849b7346898,104944-b-failed.txt,3
_feature,e644dc6e-d9e8-44cb-a567-94b752c8ead6,105057-b-close-failed.txt,3
_feature,e644dc6e-d9e8-44cb-a567-94b752c8ead6,105028-b-m3-success.txt,6
_feature,e644dc6e-d9e8-44cb-a567-94b752c8ead6,54775-h-failed.txt,10
_feature,e644dc6e-d9e8-44cb-a567-94b752c8ead6,104993-success.txt,5
_feature,e644dc6e-d9e8-44cb-a567-94b752c8ead6,54721-h-m2-success.txt,3
_feature,e644dc6e-d9e8-44cb-a567-94b752c8ead6,54200-h-m4-success.txt,3
_feature,e644dc6e-d9e8-44cb-a567-94b752c8ead6,54366-h-close-success.txt,4
_feature,e644dc6e-d9e8-44cb-a567-94b752c8ead6,104979-success.txt,3
_feature,e644dc6e-d9e8-44cb-a567-94b752c8ead6,104917-b-practice-success.txt,11
_feature,e644dc6e-d9e8-44cb-a567-94b752c8ead6,54295-h-m1-success.txt,4
_feature,e644dc6e-d9e8-44cb-a567-94b752c8ead6,104944-b-failed.txt,3
_feature,9345a5d6-70dc-44a6-8463-56dc1bc72bb7,105057-b-close-failed.txt,3
_feature,9345a5d6-70dc-44a6-8463-56dc1bc72bb7,54775-h-failed.txt,3
_feature,9345a5d6-70dc-44a6-8463-56dc1bc72bb7,105028-b-m3-success.txt,5
_feature,9345a5d6-70dc-44a6-8463-56dc1bc72bb7,54200-h-m4-success.txt,3
_feature,9345a5d6-70dc-44a6-8463-56dc1bc72bb7,54721-h-m2-success.txt,3
_feature,9345a5d6-70dc-44a6-8463-56dc1bc72bb7,104993-success.txt,3
_feature,9345a5d6-70dc-44a6-8463-56dc1bc72bb7,54366-h-close-success.txt,4
_feature,9345a5d6-70dc-44a6-8463-56dc1bc72bb7,104979-success.txt,3
_feature,9345a5d6-70dc-44a6-8463-56dc1bc72bb7,104917-b-practice-success.txt,3
_feature,9345a5d6-70dc-44a6-8463-56dc1bc72bb7,54295-h-m1-success.txt,3
_feature,9345a5d6-70dc-44a6-8463-56dc1bc72bb7,104944-b-failed.txt,3
_feature,39dae4f4-8cd6-46c5-9a93-8f27168f2692,105057-b-close-failed.txt,3
_feature,39dae4f4-8cd6-46c5-9a93-8f27168f2692,54775-h-failed.txt,4
_feature,39dae4f4-8cd6-46c5-9a93-8f27168f2692,105028-b-m3-success.txt,3
_feature,39dae4f4-8cd6-46c5-9a93-8f27168f2692,54200-h-m4-success.txt,3
_feature,39dae4f4-8cd6-46c5-9a93-8f27168f2692,54721-h-m2-success.txt,4
_feature,39dae4f4-8cd6-46c5-9a93-8f27168f2692,104993-success.txt,3
_feature,39dae4f4-8cd6-46c5-9a93-8f27168f2692,54366-h-close-success.txt,3
_feature,39dae4f4-8cd6-46c5-9a93-8f27168f2692,104979-success.txt,4
_feature,39dae4f4-8cd6-46c5-9a93-8f27168f2692,104917-b-practice-success.txt,3
_feature,39dae4f4-8cd6-46c5-9a93-8f27168f2692,54295-h-m1-success.txt,6
_feature,39dae4f4-8cd6-46c5-9a93-8f27168f2692,104944-b-failed.txt,3
_feature,a9802b41-264a-4ecf-af68-cd9c4a08c775,105057-b-close-failed.txt,3
_feature,a9802b41-264a-4ecf-af68-cd9c4a08c775,105028-b-m3-success.txt,5
_feature,a9802b41-264a-4ecf-af68-cd9c4a08c775,54775-h-failed.txt,3
_feature,a9802b41-264a-4ecf-af68-cd9c4a08c775,104993-success.txt,3
_feature,a9802b41-264a-4ecf-af68-cd9c4a08c775,54200-h-m4-success.txt,3
_feature,a9802b41-264a-4ecf-af68-cd9c4a08c775,54721-h-m2-success.txt,3
_feature,a9802b41-264a-4ecf-af68-cd9c4a08c775,54366-h-close-success.txt,3
_feature,a9802b41-264a-4ecf-af68-cd9c4a08c775,104979-success.txt,3
_feature,a9802b41-264a-4ecf-af68-cd9c4a08c775,104917-b-practice-success.txt,3
_feature,a9802b41-264a-4ecf-af68-cd9c4a08c775,54295-h-m1-success.txt,3
_feature,a9802b41-264a-4ecf-af68-cd9c4a08c775,104944-b-failed.txt,3
_feature,6c53c5f5-b086-42cf-9529-f6fb1788820c,105057-b-close-failed.txt,3
_feature,6c53c5f5-b086-42cf-9529-f6fb1788820c,54775-h-failed.txt,3
_feature,6c53c5f5-b086-42cf-9529-f6fb1788820c,105028-b-m3-success.txt,3
_feature,6c53c5f5-b086-42cf-9529-f6fb1788820c,104993-success.txt,4
_feature,6c53c5f5-b086-42cf-9529-f6fb1788820c,54200-h-m4-success.txt,4
_feature,6c53c5f5-b086-42cf-9529-f6fb1788820c,54721-h-m2-success.txt,3
_feature,6c53c5f5-b086-42cf-9529-f6fb1788820c,54366-h-close-success.txt,3
_feature,6c53c5f5-b086-42cf-9529-f6fb1788820c,104979-success.txt,3
_feature,6c53c5f5-b086-42cf-9529-f6fb1788820c,104917-b-practice-success.txt,4
_feature,6c53c5f5-b086-42cf-9529-f6fb1788820c,54295-h-m1-success.txt,3
_feature,6c53c5f5-b086-42cf-9529-f6fb1788820c,104944-b-failed.txt,3
_feature,cbc81b26-e708-4827-87ff-290c32ee37c7,105057-b-close-failed.txt,3
_feature,cbc81b26-e708-4827-87ff-290c32ee37c7,54775-h-failed.txt,3
_feature,cbc81b26-e708-4827-87ff-290c32ee37c7,105028-b-m3-success.txt,5
_feature,cbc81b26-e708-4827-87ff-290c32ee37c7,54721-h-m2-success.txt,3
_feature,cbc81b26-e708-4827-87ff-290c32ee37c7,104993-success.txt,3
_feature,cbc81b26-e708-4827-87ff-290c32ee37c7,54200-h-m4-success.txt,5
_feature,cbc81b26-e708-4827-87ff-290c32ee37c7,54366-h-close-success.txt,3
_feature,cbc81b26-e708-4827-87ff-290c32ee37c7,104979-success.txt,3
_feature,cbc81b26-e708-4827-87ff-290c32ee37c7,104917-b-practice-success.txt,5
_feature,cbc81b26-e708-4827-87ff-290c32ee37c7,54295-h-m1-success.txt,3
_feature,cbc81b26-e708-4827-87ff-290c32ee37c7,104944-b-failed.txt,3
_feature_explain,03e1fa4d-f5fa-46f8-8453-213a14ff83cc,105057-b-close-failed.txt,3
_feature_explain,03e1fa4d-f5fa-46f8-8453-213a14ff83cc,105028-b-m3-success.txt,3
_feature_explain,03e1fa4d-f5fa-46f8-8453-213a14ff83cc,54775-h-failed.txt,3
_feature_explain,03e1fa4d-f5fa-46f8-8453-213a14ff83cc,104993-success.txt,3
_feature_explain,03e1fa4d-f5fa-46f8-8453-213a14ff83cc,54200-h-m4-success.txt,3
_feature_explain,03e1fa4d-f5fa-46f8-8453-213a14ff83cc,54721-h-m2-success.txt,4
_feature_explain,03e1fa4d-f5fa-46f8-8453-213a14ff83cc,54366-h-close-success.txt,4
_feature_explain,03e1fa4d-f5fa-46f8-8453-213a14ff83cc,104979-success.txt,3
_feature_explain,03e1fa4d-f5fa-46f8-8453-213a14ff83cc,104917-b-practice-success.txt,3
_feature_explain,03e1fa4d-f5fa-46f8-8453-213a14ff83cc,54295-h-m1-success.txt,3
_feature_explain,03e1fa4d-f5fa-46f8-8453-213a14ff83cc,104944-b-failed.txt,3
_feature_explain,5b2eafe6-9b5c-404e-b61b-cc93ea53025a,105057-b-close-failed.txt,3
_feature_explain,5b2eafe6-9b5c-404e-b61b-cc93ea53025a,105028-b-m3-success.txt,4
_feature_explain,5b2eafe6-9b5c-404e-b61b-cc93ea53025a,54775-h-failed.txt,3
_feature_explain,5b2eafe6-9b5c-404e-b61b-cc93ea53025a,54200-h-m4-success.txt,3
_feature_explain,5b2eafe6-9b5c-404e-b61b-cc93ea53025a,104993-success.txt,3
_feature_explain,5b2eafe6-9b5c-404e-b61b-cc93ea53025a,54721-h-m2-success.txt,3
_feature_explain,5b2eafe6-9b5c-404e-b61b-cc93ea53025a,54366-h-close-success.txt,3
_feature_explain,5b2eafe6-9b5c-404e-b61b-cc93ea53025a,104979-success.txt,3
_feature_explain,5b2eafe6-9b5c-404e-b61b-cc93ea53025a,104917-b-practice-success.txt,4
_feature_explain,5b2eafe6-9b5c-404e-b61b-cc93ea53025a,54295-h-m1-success.txt,3
_feature_explain,5b2eafe6-9b5c-404e-b61b-cc93ea53025a,104944-b-failed.txt,3
_feature_explain,ac32669b-6140-4dcf-82bf-f4369f415f20,105057-b-close-failed.txt,3
_feature_explain,ac32669b-6140-4dcf-82bf-f4369f415f20,105028-b-m3-success.txt,5
_feature_explain,ac32669b-6140-4dcf-82bf-f4369f415f20,54775-h-failed.txt,3
_feature_explain,ac32669b-6140-4dcf-82bf-f4369f415f20,54721-h-m2-success.txt,3
_feature_explain,ac32669b-6140-4dcf-82bf-f4369f415f20,54200-h-m4-success.txt,4
_feature_explain,ac32669b-6140-4dcf-82bf-f4369f415f20,104993-success.txt,4
_feature_explain,ac32669b-6140-4dcf-82bf-f4369f415f20,54366-h-close-success.txt,3
_feature_explain,ac32669b-6140-4dcf-82bf-f4369f415f20,104979-success.txt,3
_feature_explain,ac32669b-6140-4dcf-82bf-f4369f415f20,104917-b-practice-success.txt,3
_feature_explain,ac32669b-6140-4dcf-82bf-f4369f415f20,54295-h-m1-success.txt,3
_feature_explain,ac32669b-6140-4dcf-82bf-f4369f415f20,104944-b-failed.txt,3
_feature_explain,d5a0bb43-d9f7-4eaa-b4c0-aa034adb5d6f,105057-b-close-failed.txt,3
_feature_explain,d5a0bb43-d9f7-4eaa-b4c0-aa034adb5d6f,105028-b-m3-success.txt,3
_feature_explain,d5a0bb43-d9f7-4eaa-b4c0-aa034adb5d6f,54775-h-failed.txt,3
_feature_explain,d5a0bb43-d9f7-4eaa-b4c0-aa034adb5d6f,54721-h-m2-success.txt,3
_feature_explain,d5a0bb43-d9f7-4eaa-b4c0-aa034adb5d6f,54200-h-m4-success.txt,3
_feature_explain,d5a0bb43-d9f7-4eaa-b4c0-aa034adb5d6f,104993-success.txt,3
_feature_explain,d5a0bb43-d9f7-4eaa-b4c0-aa034adb5d6f,54366-h-close-success.txt,3
_feature_explain,d5a0bb43-d9f7-4eaa-b4c0-aa034adb5d6f,104979-success.txt,3
_feature_explain,d5a0bb43-d9f7-4eaa-b4c0-aa034adb5d6f,104917-b-practice-success.txt,5
_feature_explain,d5a0bb43-d9f7-4eaa-b4c0-aa034adb5d6f,54295-h-m1-success.txt,3
_feature_explain,d5a0bb43-d9f7-4eaa-b4c0-aa034adb5d6f,104944-b-failed.txt,3
_feature_explain,985fd63c-907c-4a17-8b8f-3dd37451f070,105057-b-close-failed.txt,3
_feature_explain,985fd63c-907c-4a17-8b8f-3dd37451f070,105028-b-m3-success.txt,4
_feature_explain,985fd63c-907c-4a17-8b8f-3dd37451f070,54775-h-failed.txt,3
_feature_explain,985fd63c-907c-4a17-8b8f-3dd37451f070,104993-success.txt,5
_feature_explain,985fd63c-907c-4a17-8b8f-3dd37451f070,54200-h-m4-success.txt,3
_feature_explain,985fd63c-907c-4a17-8b8f-3dd37451f070,54721-h-m2-success.txt,3
_feature_explain,985fd63c-907c-4a17-8b8f-3dd37451f070,54366-h-close-success.txt,3
_feature_explain,985fd63c-907c-4a17-8b8f-3dd37451f070,104979-success.txt,3
_feature_explain,985fd63c-907c-4a17-8b8f-3dd37451f070,104917-b-practice-success.txt,3
_feature_explain,985fd63c-907c-4a17-8b8f-3dd37451f070,54295-h-m1-success.txt,3
_feature_explain,985fd63c-907c-4a17-8b8f-3dd37451f070,104944-b-failed.txt,3
_feature_explain,b8eadb53-5aad-48f8-b4e2-e56a568b2be3,105057-b-close-failed.txt,5
_feature_explain,b8eadb53-5aad-48f8-b4e2-e56a568b2be3,105028-b-m3-success.txt,3
_feature_explain,b8eadb53-5aad-48f8-b4e2-e56a568b2be3,54775-h-failed.txt,3
_feature_explain,b8eadb53-5aad-48f8-b4e2-e56a568b2be3,54721-h-m2-success.txt,3
_feature_explain,b8eadb53-5aad-48f8-b4e2-e56a568b2be3,54200-h-m4-success.txt,3
_feature_explain,b8eadb53-5aad-48f8-b4e2-e56a568b2be3,104993-success.txt,3
_feature_explain,b8eadb53-5aad-48f8-b4e2-e56a568b2be3,54366-h-close-success.txt,3
_feature_explain,b8eadb53-5aad-48f8-b4e2-e56a568b2be3,104979-success.txt,3
_feature_explain,b8eadb53-5aad-48f8-b4e2-e56a568b2be3,104917-b-practice-success.txt,3
_feature_explain,b8eadb53-5aad-48f8-b4e2-e56a568b2be3,54295-h-m1-success.txt,3
_feature_explain,b8eadb53-5aad-48f8-b4e2-e56a568b2be3,104944-b-failed.txt,3
_feature_explain,7f71c7c8-75ff-4a90-93c2-e5a52f93f78a,105057-b-close-failed.txt,3
_feature_explain,7f71c7c8-75ff-4a90-93c2-e5a52f93f78a,105028-b-m3-success.txt,4
_feature_explain,7f71c7c8-75ff-4a90-93c2-e5a52f93f78a,54775-h-failed.txt,4
_feature_explain,7f71c7c8-75ff-4a90-93c2-e5a52f93f78a,104993-success.txt,3
_feature_explain,7f71c7c8-75ff-4a90-93c2-e5a52f93f78a,54721-h-m2-success.txt,3
_feature_explain,7f71c7c8-75ff-4a90-93c2-e5a52f93f78a,54200-h-m4-success.txt,3
_feature_explain,7f71c7c8-75ff-4a90-93c2-e5a52f93f78a,54366-h-close-success.txt,3
_feature_explain,7f71c7c8-75ff-4a90-93c2-e5a52f93f78a,104979-success.txt,4
_feature_explain,7f71c7c8-75ff-4a90-93c2-e5a52f93f78a,104917-b-practice-success.txt,5
_feature_explain,7f71c7c8-75ff-4a90-93c2-e5a52f93f78a,54295-h-m1-success.txt,4
_feature_explain,7f71c7c8-75ff-4a90-93c2-e5a52f93f78a,104944-b-failed.txt,3
_feature_explain,3c94b9fd-fd20-49f4-b5e3-e9affdbf61d9,105057-b-close-failed.txt,3
_feature_explain,3c94b9fd-fd20-49f4-b5e3-e9affdbf61d9,54775-h-failed.txt,3
_feature_explain,3c94b9fd-fd20-49f4-b5e3-e9affdbf61d9,105028-b-m3-success.txt,3
_feature_explain,3c94b9fd-fd20-49f4-b5e3-e9affdbf61d9,104993-success.txt,3
_feature_explain,3c94b9fd-fd20-49f4-b5e3-e9affdbf61d9,54721-h-m2-success.txt,3
_feature_explain,3c94b9fd-fd20-49f4-b5e3-e9affdbf61d9,54200-h-m4-success.txt,3
_feature_explain,3c94b9fd-fd20-49f4-b5e3-e9affdbf61d9,54366-h-close-success.txt,3
_feature_explain,3c94b9fd-fd20-49f4-b5e3-e9affdbf61d9,104979-success.txt,3
_feature_explain,3c94b9fd-fd20-49f4-b5e3-e9affdbf61d9,104917-b-practice-success.txt,3
_feature_explain,3c94b9fd-fd20-49f4-b5e3-e9affdbf61d9,54295-h-m1-success.txt,3
_feature_explain,3c94b9fd-fd20-49f4-b5e3-e9affdbf61d9,104944-b-failed.txt,3
_feature_explain,4606270f-e967-4f21-b256-f1c7a6bc48b4,105057-b-close-failed.txt,3
_feature_explain,4606270f-e967-4f21-b256-f1c7a6bc48b4,54775-h-failed.txt,3
_feature_explain,4606270f-e967-4f21-b256-f1c7a6bc48b4,105028-b-m3-success.txt,5
_feature_explain,4606270f-e967-4f21-b256-f1c7a6bc48b4,54200-h-m4-success.txt,3
_feature_explain,4606270f-e967-4f21-b256-f1c7a6bc48b4,104993-success.txt,3
_feature_explain,4606270f-e967-4f21-b256-f1c7a6bc48b4,54721-h-m2-success.txt,3
_feature_explain,4606270f-e967-4f21-b256-f1c7a6bc48b4,54366-h-close-success.txt,3
_feature_explain,4606270f-e967-4f21-b256-f1c7a6bc48b4,104979-success.txt,3
_feature_explain,4606270f-e967-4f21-b256-f1c7a6bc48b4,104917-b-practice-success.txt,3
_feature_explain,4606270f-e967-4f21-b256-f1c7a6bc48b4,54295-h-m1-success.txt,3
_feature_explain,4606270f-e967-4f21-b256-f1c7a6bc48b4,104944-b-failed.txt,3
_feature_explain,ff915f66-d311-4cee-9b15-46f6f4ba8603,105057-b-close-failed.txt,3
_feature_explain,ff915f66-d311-4cee-9b15-46f6f4ba8603,54775-h-failed.txt,3
_feature_explain,ff915f66-d311-4cee-9b15-46f6f4ba8603,105028-b-m3-success.txt,3
_feature_explain,ff915f66-d311-4cee-9b15-46f6f4ba8603,104993-success.txt,3
_feature_explain,ff915f66-d311-4cee-9b15-46f6f4ba8603,54721-h-m2-success.txt,3
_feature_explain,ff915f66-d311-4cee-9b15-46f6f4ba8603,54200-h-m4-success.txt,3
_feature_explain,ff915f66-d311-4cee-9b15-46f6f4ba8603,54366-h-close-success.txt,3
_feature_explain,ff915f66-d311-4cee-9b15-46f6f4ba8603,104979-success.txt,4
_feature_explain,ff915f66-d311-4cee-9b15-46f6f4ba8603,104917-b-practice-success.txt,3
_feature_explain,ff915f66-d311-4cee-9b15-46f6f4ba8603,54295-h-m1-success.txt,3
_feature_explain,ff915f66-d311-4cee-9b15-46f6f4ba8603,104944-b-failed.txt,3
_feature_explain,a2aa8d16-6eb3-433f-99fb-eeb76f4ea453,105057-b-close-failed.txt,3
_feature_explain,a2aa8d16-6eb3-433f-99fb-eeb76f4ea453,105028-b-m3-success.txt,3
_feature_explain,a2aa8d16-6eb3-433f-99fb-eeb76f4ea453,54775-h-failed.txt,6
_feature_explain,a2aa8d16-6eb3-433f-99fb-eeb76f4ea453,54721-h-m2-success.txt,3
_feature_explain,a2aa8d16-6eb3-433f-99fb-eeb76f4ea453,104993-success.txt,5
_feature_explain,a2aa8d16-6eb3-433f-99fb-eeb76f4ea453,54200-h-m4-success.txt,3
_feature_explain,a2aa8d16-6eb3-433f-99fb-eeb76f4ea453,54366-h-close-success.txt,3
_feature_explain,a2aa8d16-6eb3-433f-99fb-eeb76f4ea453,104979-success.txt,3
_feature_explain,a2aa8d16-6eb3-433f-99fb-eeb76f4ea453,104917-b-practice-success.txt,3
_feature_explain,a2aa8d16-6eb3-433f-99fb-eeb76f4ea453,54295-h-m1-success.txt,3
_feature_explain,a2aa8d16-6eb3-433f-99fb-eeb76f4ea453,104944-b-failed.txt,3
_feature_explain,67c2d664-1d40-4a41-ac10-df9e87110a1f,105057-b-close-failed.txt,3
_feature_explain,67c2d664-1d40-4a41-ac10-df9e87110a1f,54775-h-failed.txt,3
_feature_explain,67c2d664-1d40-4a41-ac10-df9e87110a1f,105028-b-m3-success.txt,3
_feature_explain,67c2d664-1d40-4a41-ac10-df9e87110a1f,54721-h-m2-success.txt,3
_feature_explain,67c2d664-1d40-4a41-ac10-df9e87110a1f,54200-h-m4-success.txt,3
_feature_explain,67c2d664-1d40-4a41-ac10-df9e87110a1f,104993-success.txt,3
_feature_explain,67c2d664-1d40-4a41-ac10-df9e87110a1f,54366-h-close-success.txt,3
_feature_explain,67c2d664-1d40-4a41-ac10-df9e87110a1f,104979-success.txt,3
_feature_explain,67c2d664-1d40-4a41-ac10-df9e87110a1f,104917-b-practice-success.txt,3
_feature_explain,67c2d664-1d40-4a41-ac10-df9e87110a1f,54295-h-m1-success.txt,3
_feature_explain,67c2d664-1d40-4a41-ac10-df9e87110a1f,104944-b-failed.txt,3
_feature_explain,8bc8828e-05b2-4ddb-ad0d-eb008c64bcb9,105057-b-close-failed.txt,3
_feature_explain,8bc8828e-05b2-4ddb-ad0d-eb008c64bcb9,105028-b-m3-success.txt,3
_feature_explain,8bc8828e-05b2-4ddb-ad0d-eb008c64bcb9,54775-h-failed.txt,3
_feature_explain,8bc8828e-05b2-4ddb-ad0d-eb008c64bcb9,104993-success.txt,3
_feature_explain,8bc8828e-05b2-4ddb-ad0d-eb008c64bcb9,54200-h-m4-success.txt,3
_feature_explain,8bc8828e-05b2-4ddb-ad0d-eb008c64bcb9,54721-h-m2-success.txt,4
_feature_explain,8bc8828e-05b2-4ddb-ad0d-eb008c64bcb9,54366-h-close-success.txt,3
_feature_explain,8bc8828e-05b2-4ddb-ad0d-eb008c64bcb9,104979-success.txt,3
_feature_explain,8bc8828e-05b2-4ddb-ad0d-eb008c64bcb9,104917-b-practice-success.txt,3
_feature_explain,8bc8828e-05b2-4ddb-ad0d-eb008c64bcb9,54295-h-m1-success.txt,3
_feature_explain,8bc8828e-05b2-4ddb-ad0d-eb008c64bcb9,104944-b-failed.txt,3
_feature_explain,16eb63d8-ca24-472b-9393-fc444194a836,105057-b-close-failed.txt,3
_feature_explain,16eb63d8-ca24-472b-9393-fc444194a836,54775-h-failed.txt,3
_feature_explain,16eb63d8-ca24-472b-9393-fc444194a836,105028-b-m3-success.txt,4
_feature_explain,16eb63d8-ca24-472b-9393-fc444194a836,54200-h-m4-success.txt,3
_feature_explain,16eb63d8-ca24-472b-9393-fc444194a836,54721-h-m2-success.txt,3
_feature_explain,16eb63d8-ca24-472b-9393-fc444194a836,104993-success.txt,3
_feature_explain,16eb63d8-ca24-472b-9393-fc444194a836,54366-h-close-success.txt,5
_feature_explain,16eb63d8-ca24-472b-9393-fc444194a836,104979-success.txt,4
_feature_explain,16eb63d8-ca24-472b-9393-fc444194a836,104917-b-practice-success.txt,3
_feature_explain,16eb63d8-ca24-472b-9393-fc444194a836,54295-h-m1-success.txt,3
_feature_explain,16eb63d8-ca24-472b-9393-fc444194a836,104944-b-failed.txt,3
_feature_explain,24f4e7be-8943-4a97-a213-637eb3634e7d,105057-b-close-failed.txt,3
_feature_explain,24f4e7be-8943-4a97-a213-637eb3634e7d,105028-b-m3-success.txt,3
_feature_explain,24f4e7be-8943-4a97-a213-637eb3634e7d,54775-h-failed.txt,3
_feature_explain,24f4e7be-8943-4a97-a213-637eb3634e7d,54721-h-m2-success.txt,3
_feature_explain,24f4e7be-8943-4a97-a213-637eb3634e7d,54200-h-m4-success.txt,3
_feature_explain,24f4e7be-8943-4a97-a213-637eb3634e7d,104993-success.txt,4
_feature_explain,24f4e7be-8943-4a97-a213-637eb3634e7d,54366-h-close-success.txt,3
_feature_explain,24f4e7be-8943-4a97-a213-637eb3634e7d,104979-success.txt,3
_feature_explain,24f4e7be-8943-4a97-a213-637eb3634e7d,104917-b-practice-success.txt,4
_feature_explain,24f4e7be-8943-4a97-a213-637eb3634e7d,54295-h-m1-success.txt,3
_feature_explain,24f4e7be-8943-4a97-a213-637eb3634e7d,104944-b-failed.txt,3
_feature_explain,1a58200d-6484-468e-9085-cd52900b5097,105057-b-close-failed.txt,3
_feature_explain,1a58200d-6484-468e-9085-cd52900b5097,105028-b-m3-success.txt,3
_feature_explain,1a58200d-6484-468e-9085-cd52900b5097,54775-h-failed.txt,4
_feature_explain,1a58200d-6484-468e-9085-cd52900b5097,54721-h-m2-success.txt,3
_feature_explain,1a58200d-6484-468e-9085-cd52900b5097,104993-success.txt,3
_feature_explain,1a58200d-6484-468e-9085-cd52900b5097,54200-h-m4-success.txt,3
_feature_explain,1a58200d-6484-468e-9085-cd52900b5097,54366-h-close-success.txt,3
_feature_explain,1a58200d-6484-468e-9085-cd52900b5097,104979-success.txt,5
_feature_explain,1a58200d-6484-468e-9085-cd52900b5097,104917-b-practice-success.txt,3
_feature_explain,1a58200d-6484-468e-9085-cd52900b5097,54295-h-m1-success.txt,3
_feature_explain,1a58200d-6484-468e-9085-cd52900b5097,104944-b-failed.txt,4
_feature_explain,da13eced-d846-4d59-9491-9c110c19a3a0,105057-b-close-failed.txt,3
_feature_explain,da13eced-d846-4d59-9491-9c110c19a3a0,105028-b-m3-success.txt,3
_feature_explain,da13eced-d846-4d59-9491-9c110c19a3a0,54775-h-failed.txt,3
_feature_explain,da13eced-d846-4d59-9491-9c110c19a3a0,54721-h-m2-success.txt,3
_feature_explain,da13eced-d846-4d59-9491-9c110c19a3a0,104993-success.txt,3
_feature_explain,da13eced-d846-4d59-9491-9c110c19a3a0,54200-h-m4-success.txt,4
_feature_explain,da13eced-d846-4d59-9491-9c110c19a3a0,54366-h-close-success.txt,3
_feature_explain,da13eced-d846-4d59-9491-9c110c19a3a0,104979-success.txt,3
_feature_explain,da13eced-d846-4d59-9491-9c110c19a3a0,104917-b-practice-success.txt,3
_feature_explain,da13eced-d846-4d59-9491-9c110c19a3a0,54295-h-m1-success.txt,3
_feature_explain,da13eced-d846-4d59-9491-9c110c19a3a0,104944-b-failed.txt,3
_feature_explain,3f84afbf-af34-4ae8-9318-4e90d7031297,105057-b-close-failed.txt,3
_feature_explain,3f84afbf-af34-4ae8-9318-4e90d7031297,54775-h-failed.txt,3
_feature_explain,3f84afbf-af34-4ae8-9318-4e90d7031297,105028-b-m3-success.txt,4
_feature_explain,3f84afbf-af34-4ae8-9318-4e90d7031297,54721-h-m2-success.txt,3
_feature_explain,3f84afbf-af34-4ae8-9318-4e90d7031297,104993-success.txt,4
_feature_explain,3f84afbf-af34-4ae8-9318-4e90d7031297,54200-h-m4-success.txt,3
_feature_explain,3f84afbf-af34-4ae8-9318-4e90d7031297,54366-h-close-success.txt,5
_feature_explain,3f84afbf-af34-4ae8-9318-4e90d7031297,104979-success.txt,3
_feature_explain,3f84afbf-af34-4ae8-9318-4e90d7031297,104917-b-practice-success.txt,4
_feature_explain,3f84afbf-af34-4ae8-9318-4e90d7031297,54295-h-m1-success.txt,3
_feature_explain,3f84afbf-af34-4ae8-9318-4e90d7031297,104944-b-failed.txt,3
_feature_explain,543d4bb2-4854-4294-b8f7-396e9da04a25,105057-b-close-failed.txt,3
_feature_explain,543d4bb2-4854-4294-b8f7-396e9da04a25,105028-b-m3-success.txt,3
_feature_explain,543d4bb2-4854-4294-b8f7-396e9da04a25,54775-h-failed.txt,3
_feature_explain,543d4bb2-4854-4294-b8f7-396e9da04a25,104993-success.txt,3
_feature_explain,543d4bb2-4854-4294-b8f7-396e9da04a25,54200-h-m4-success.txt,3
_feature_explain,543d4bb2-4854-4294-b8f7-396e9da04a25,54721-h-m2-success.txt,3
_feature_explain,543d4bb2-4854-4294-b8f7-396e9da04a25,54366-h-close-success.txt,3
_feature_explain,543d4bb2-4854-4294-b8f7-396e9da04a25,104979-success.txt,3
_feature_explain,543d4bb2-4854-4294-b8f7-396e9da04a25,104917-b-practice-success.txt,3
_feature_explain,543d4bb2-4854-4294-b8f7-396e9da04a25,54295-h-m1-success.txt,3
_feature_explain,543d4bb2-4854-4294-b8f7-396e9da04a25,104944-b-failed.txt,3
_feature_explain,783ba60b-3766-4d24-a74b-e52c78478b3f,105057-b-close-failed.txt,3
_feature_explain,783ba60b-3766-4d24-a74b-e52c78478b3f,54775-h-failed.txt,3
_feature_explain,783ba60b-3766-4d24-a74b-e52c78478b3f,105028-b-m3-success.txt,8
_feature_explain,783ba60b-3766-4d24-a74b-e52c78478b3f,104993-success.txt,5
_feature_explain,783ba60b-3766-4d24-a74b-e52c78478b3f,54721-h-m2-success.txt,3
_feature_explain,783ba60b-3766-4d24-a74b-e52c78478b3f,54200-h-m4-success.txt,3
_feature_explain,783ba60b-3766-4d24-a74b-e52c78478b3f,54366-h-close-success.txt,3
_feature_explain,783ba60b-3766-4d24-a74b-e52c78478b3f,104979-success.txt,3
_feature_explain,783ba60b-3766-4d24-a74b-e52c78478b3f,104917-b-practice-success.txt,3
_feature_explain,783ba60b-3766-4d24-a74b-e52c78478b3f,54295-h-m1-success.txt,3
_feature_explain,783ba60b-3766-4d24-a74b-e52c78478b3f,104944-b-failed.txt,3
_feature_explain,3197d065-24c5-46eb-a06e-6b9c715bb64f,54775-h-failed.txt,1
_feature_explain,3197d065-24c5-46eb-a06e-6b9c715bb64f,104917-b-practice-success.txt,3
_feature_explain,c620de7a-9cfb-4eba-8552-03fa2bee954f,105057-b-close-failed.txt,3
_feature_explain,c620de7a-9cfb-4eba-8552-03fa2bee954f,54775-h-failed.txt,3
_feature_explain,c620de7a-9cfb-4eba-8552-03fa2bee954f,105028-b-m3-success.txt,3
_feature_explain,c620de7a-9cfb-4eba-8552-03fa2bee954f,104993-success.txt,3
_feature_explain,c620de7a-9cfb-4eba-8552-03fa2bee954f,54721-h-m2-success.txt,5
_feature_explain,c620de7a-9cfb-4eba-8552-03fa2bee954f,54200-h-m4-success.txt,4
_feature_explain,c620de7a-9cfb-4eba-8552-03fa2bee954f,54366-h-close-success.txt,5
_feature_explain,c620de7a-9cfb-4eba-8552-03fa2bee954f,104979-success.txt,4
_feature_explain,c620de7a-9cfb-4eba-8552-03fa2bee954f,104917-b-practice-success.txt,3
_feature_explain,c620de7a-9cfb-4eba-8552-03fa2bee954f,54295-h-m1-success.txt,5
_feature_explain,c620de7a-9cfb-4eba-8552-03fa2bee954f,104944-b-failed.txt,3
_feature_explain,d18a419a-6774-4469-99fe-0a34daf24f8b,105057-b-close-failed.txt,3
_feature_explain,d18a419a-6774-4469-99fe-0a34daf24f8b,105028-b-m3-success.txt,4
_feature_explain,d18a419a-6774-4469-99fe-0a34daf24f8b,54775-h-failed.txt,3
_feature_explain,d18a419a-6774-4469-99fe-0a34daf24f8b,54721-h-m2-success.txt,3
_feature_explain,d18a419a-6774-4469-99fe-0a34daf24f8b,54200-h-m4-success.txt,3
_feature_explain,d18a419a-6774-4469-99fe-0a34daf24f8b,104993-success.txt,3
_feature_explain,d18a419a-6774-4469-99fe-0a34daf24f8b,54366-h-close-success.txt,3
_feature_explain,d18a419a-6774-4469-99fe-0a34daf24f8b,104979-success.txt,3
_feature_explain,d18a419a-6774-4469-99fe-0a34daf24f8b,104917-b-practice-success.txt,3
_feature_explain,d18a419a-6774-4469-99fe-0a34daf24f8b,54295-h-m1-success.txt,3
_feature_explain,d18a419a-6774-4469-99fe-0a34daf24f8b,104944-b-failed.txt,3
_feature_explain,ea4667f6-3d7d-4e70-b582-863640d4511e,105057-b-close-failed.txt,3
_feature_explain,ea4667f6-3d7d-4e70-b582-863640d4511e,105028-b-m3-success.txt,3
_feature_explain,ea4667f6-3d7d-4e70-b582-863640d4511e,54775-h-failed.txt,6
_feature_explain,ea4667f6-3d7d-4e70-b582-863640d4511e,54721-h-m2-success.txt,3
_feature_explain,ea4667f6-3d7d-4e70-b582-863640d4511e,104993-success.txt,3
_feature_explain,ea4667f6-3d7d-4e70-b582-863640d4511e,54200-h-m4-success.txt,3
_feature_explain,ea4667f6-3d7d-4e70-b582-863640d4511e,54366-h-close-success.txt,3
_feature_explain,ea4667f6-3d7d-4e70-b582-863640d4511e,104979-success.txt,4
_feature_explain,ea4667f6-3d7d-4e70-b582-863640d4511e,104917-b-practice-success.txt,3
_feature_explain,ea4667f6-3d7d-4e70-b582-863640d4511e,54295-h-m1-success.txt,4
_feature_explain,ea4667f6-3d7d-4e70-b582-863640d4511e,104944-b-failed.txt,3
_feature_explain,b7c476fe-6d31-45ab-89be-007ee3275c33,105057-b-close-failed.txt,3
_feature_explain,b7c476fe-6d31-45ab-89be-007ee3275c33,105028-b-m3-success.txt,3
_feature_explain,b7c476fe-6d31-45ab-89be-007ee3275c33,54775-h-failed.txt,3
_feature_explain,b7c476fe-6d31-45ab-89be-007ee3275c33,54721-h-m2-success.txt,4
_feature_explain,b7c476fe-6d31-45ab-89be-007ee3275c33,54200-h-m4-success.txt,3
_feature_explain,b7c476fe-6d31-45ab-89be-007ee3275c33,104993-success.txt,4
_feature_explain,b7c476fe-6d31-45ab-89be-007ee3275c33,54366-h-close-success.txt,3
_feature_explain,b7c476fe-6d31-45ab-89be-007ee3275c33,104979-success.txt,3
_feature_explain,b7c476fe-6d31-45ab-89be-007ee3275c33,104917-b-practice-success.txt,3
_feature_explain,b7c476fe-6d31-45ab-89be-007ee3275c33,54295-h-m1-success.txt,3
_feature_explain,b7c476fe-6d31-45ab-89be-007ee3275c33,104944-b-failed.txt,3
_feature_explain,769e4a53-6d7c-4b71-a9c3-a79a01144537,105057-b-close-failed.txt,3
_feature_explain,769e4a53-6d7c-4b71-a9c3-a79a01144537,105028-b-m3-success.txt,3
_feature_explain,769e4a53-6d7c-4b71-a9c3-a79a01144537,54775-h-failed.txt,3
_feature_explain,769e4a53-6d7c-4b71-a9c3-a79a01144537,54721-h-m2-success.txt,3
_feature_explain,769e4a53-6d7c-4b71-a9c3-a79a01144537,104993-success.txt,3
_feature_explain,769e4a53-6d7c-4b71-a9c3-a79a01144537,54200-h-m4-success.txt,3
_feature_explain,769e4a53-6d7c-4b71-a9c3-a79a01144537,54366-h-close-success.txt,3
_feature_explain,769e4a53-6d7c-4b71-a9c3-a79a01144537,104979-success.txt,3
_feature_explain,769e4a53-6d7c-4b71-a9c3-a79a01144537,104917-b-practice-success.txt,3
_feature_explain,769e4a53-6d7c-4b71-a9c3-a79a01144537,54295-h-m1-success.txt,3
_feature_explain,769e4a53-6d7c-4b71-a9c3-a79a01144537,104944-b-failed.txt,3
_feature_explain,eda7c5d3-f3a4-405c-a124-c8531d695949,105057-b-close-failed.txt,3
_feature_explain,eda7c5d3-f3a4-405c-a124-c8531d695949,105028-b-m3-success.txt,3
_feature_explain,eda7c5d3-f3a4-405c-a124-c8531d695949,54775-h-failed.txt,3
_feature_explain,eda7c5d3-f3a4-405c-a124-c8531d695949,54200-h-m4-success.txt,3
_feature_explain,eda7c5d3-f3a4-405c-a124-c8531d695949,54721-h-m2-success.txt,4
_feature_explain,eda7c5d3-f3a4-405c-a124-c8531d695949,104993-success.txt,3
_feature_explain,eda7c5d3-f3a4-405c-a124-c8531d695949,54366-h-close-success.txt,3
_feature_explain,eda7c5d3-f3a4-405c-a124-c8531d695949,104979-success.txt,3
_feature_explain,eda7c5d3-f3a4-405c-a124-c8531d695949,104917-b-practice-success.txt,3
_feature_explain,eda7c5d3-f3a4-405c-a124-c8531d695949,54295-h-m1-success.txt,3
_feature_explain,eda7c5d3-f3a4-405c-a124-c8531d695949,104944-b-failed.txt,3
_feature_explain,0c4256b2-c8eb-4126-a776-612bdf00e80a,105057-b-close-failed.txt,3
_feature_explain,0c4256b2-c8eb-4126-a776-612bdf00e80a,105028-b-m3-success.txt,3
_feature_explain,0c4256b2-c8eb-4126-a776-612bdf00e80a,54775-h-failed.txt,3
_feature_explain,0c4256b2-c8eb-4126-a776-612bdf00e80a,54200-h-m4-success.txt,4
_feature_explain,0c4256b2-c8eb-4126-a776-612bdf00e80a,104993-success.txt,3
_feature_explain,0c4256b2-c8eb-4126-a776-612bdf00e80a,54721-h-m2-success.txt,3
_feature_explain,0c4256b2-c8eb-4126-a776-612bdf00e80a,54366-h-close-success.txt,3
_feature_explain,0c4256b2-c8eb-4126-a776-612bdf00e80a,104979-success.txt,3
_feature_explain,0c4256b2-c8eb-4126-a776-612bdf00e80a,104917-b-practice-success.txt,3
_feature_explain,0c4256b2-c8eb-4126-a776-612bdf00e80a,54295-h-m1-success.txt,3
_feature_explain,0c4256b2-c8eb-4126-a776-612bdf00e80a,104944-b-failed.txt,3
_feature_explain,a7a05e60-26c8-48bc-9bb9-474a804ebf30,105057-b-close-failed.txt,3
_feature_explain,a7a05e60-26c8-48bc-9bb9-474a804ebf30,54775-h-failed.txt,3
_feature_explain,a7a05e60-26c8-48bc-9bb9-474a804ebf30,105028-b-m3-success.txt,3
_feature_explain,a7a05e60-26c8-48bc-9bb9-474a804ebf30,54721-h-m2-success.txt,3
_feature_explain,a7a05e60-26c8-48bc-9bb9-474a804ebf30,104993-success.txt,3
_feature_explain,a7a05e60-26c8-48bc-9bb9-474a804ebf30,54200-h-m4-success.txt,3
_feature_explain,a7a05e60-26c8-48bc-9bb9-474a804ebf30,54366-h-close-success.txt,3
_feature_explain,a7a05e60-26c8-48bc-9bb9-474a804ebf30,104979-success.txt,3
_feature_explain,a7a05e60-26c8-48bc-9bb9-474a804ebf30,104917-b-practice-success.txt,3
_feature_explain,a7a05e60-26c8-48bc-9bb9-474a804ebf30,54295-h-m1-success.txt,3
_feature_explain,a7a05e60-26c8-48bc-9bb9-474a804ebf30,104944-b-failed.txt,3
_feature_explain,d57a1e96-90bd-40d1-8b5a-56c5fe123af6,105057-b-close-failed.txt,3
_feature_explain,d57a1e96-90bd-40d1-8b5a-56c5fe123af6,54775-h-failed.txt,3
_feature_explain,d57a1e96-90bd-40d1-8b5a-56c5fe123af6,105028-b-m3-success.txt,3
_feature_explain,d57a1e96-90bd-40d1-8b5a-56c5fe123af6,54200-h-m4-success.txt,4
_feature_explain,d57a1e96-90bd-40d1-8b5a-56c5fe123af6,104993-success.txt,3
_feature_explain,d57a1e96-90bd-40d1-8b5a-56c5fe123af6,54721-h-m2-success.txt,3
_feature_explain,d57a1e96-90bd-40d1-8b5a-56c5fe123af6,54366-h-close-success.txt,3
_feature_explain,d57a1e96-90bd-40d1-8b5a-56c5fe123af6,104979-success.txt,3
_feature_explain,d57a1e96-90bd-40d1-8b5a-56c5fe123af6,104917-b-practice-success.txt,3
_feature_explain,d57a1e96-90bd-40d1-8b5a-56c5fe123af6,54295-h-m1-success.txt,3
_feature_explain,d57a1e96-90bd-40d1-8b5a-56c5fe123af6,104944-b-failed.txt,3
