,fc36ae70-9e21-4d55-a7bb-f4622a522fdf,54721-h-m2-success.txt,thought_correct,model_correct
,fc36ae70-9e21-4d55-a7bb-f4622a522fdf,104944-b-failed.txt,thought_unsure,model_incorrect
,fc36ae70-9e21-4d55-a7bb-f4622a522fdf,54775-h-failed.txt,thought_incorrect,model_incorrect
,fc36ae70-9e21-4d55-a7bb-f4622a522fdf,104979-success.txt,thought_correct,model_correct
,fc36ae70-9e21-4d55-a7bb-f4622a522fdf,104993-success.txt,thought_correct,model_correct
,fc36ae70-9e21-4d55-a7bb-f4622a522fdf,54295-h-m1-success.txt,thought_correct,model_correct
,fc36ae70-9e21-4d55-a7bb-f4622a522fdf,105028-b-m3-success.txt,thought_correct,model_correct
,fc36ae70-9e21-4d55-a7bb-f4622a522fdf,54200-h-m4-success.txt,thought_correct,model_correct
,fc36ae70-9e21-4d55-a7bb-f4622a522fdf,54366-h-close-success.txt,thought_correct,model_correct
,fc36ae70-9e21-4d55-a7bb-f4622a522fdf,105057-b-close-failed.txt,thought_incorrect,model_incorrect
,c61bae24-7b8c-47f3-bf26-88ccfdfb4f64,54721-h-m2-success.txt,thought_correct,model_correct
,c61bae24-7b8c-47f3-bf26-88ccfdfb4f64,104944-b-failed.txt,thought_unsure,model_incorrect
,c61bae24-7b8c-47f3-bf26-88ccfdfb4f64,104979-success.txt,thought_correct,model_correct
,c61bae24-7b8c-47f3-bf26-88ccfdfb4f64,104993-success.txt,thought_correct,model_correct
,c61bae24-7b8c-47f3-bf26-88ccfdfb4f64,54295-h-m1-success.txt,thought_correct,model_correct
,c61bae24-7b8c-47f3-bf26-88ccfdfb4f64,105057-b-close-failed.txt,thought_unsure,model_incorrect
,c61bae24-7b8c-47f3-bf26-88ccfdfb4f64,105028-b-m3-success.txt,thought_correct,model_correct
,c61bae24-7b8c-47f3-bf26-88ccfdfb4f64,54200-h-m4-success.txt,thought_correct,model_correct
,c61bae24-7b8c-47f3-bf26-88ccfdfb4f64,54366-h-close-success.txt,thought_correct,model_correct
,c61bae24-7b8c-47f3-bf26-88ccfdfb4f64,54775-h-failed.txt,thought_unsure,model_incorrect
,dd4ec61e-f619-49bd-add9-3e5397e2b39c,54721-h-m2-success.txt,thought_correct,model_correct
,dd4ec61e-f619-49bd-add9-3e5397e2b39c,104944-b-failed.txt,thought_unsure,model_incorrect
,dd4ec61e-f619-49bd-add9-3e5397e2b39c,104979-success.txt,thought_correct,model_correct
,dd4ec61e-f619-49bd-add9-3e5397e2b39c,104993-success.txt,thought_correct,model_correct
,dd4ec61e-f619-49bd-add9-3e5397e2b39c,54295-h-m1-success.txt,thought_correct,model_correct
,dd4ec61e-f619-49bd-add9-3e5397e2b39c,105028-b-m3-success.txt,thought_correct,model_correct
,dd4ec61e-f619-49bd-add9-3e5397e2b39c,54200-h-m4-success.txt,thought_correct,model_correct
,dd4ec61e-f619-49bd-add9-3e5397e2b39c,54366-h-close-success.txt,thought_correct,model_correct
,dd4ec61e-f619-49bd-add9-3e5397e2b39c,105057-b-close-failed.txt,thought_incorrect,model_incorrect
,dd4ec61e-f619-49bd-add9-3e5397e2b39c,54775-h-failed.txt,thought_unsure,model_incorrect
,1b36cdb3-4fb1-4994-b87f-0353620c1271,54721-h-m2-success.txt,thought_correct,model_correct
,1b36cdb3-4fb1-4994-b87f-0353620c1271,104979-success.txt,thought_correct,model_correct
,1b36cdb3-4fb1-4994-b87f-0353620c1271,104993-success.txt,thought_correct,model_correct
,1b36cdb3-4fb1-4994-b87f-0353620c1271,54295-h-m1-success.txt,thought_correct,model_correct
,1b36cdb3-4fb1-4994-b87f-0353620c1271,105028-b-m3-success.txt,thought_correct,model_correct
,1b36cdb3-4fb1-4994-b87f-0353620c1271,54200-h-m4-success.txt,thought_correct,model_correct
,1b36cdb3-4fb1-4994-b87f-0353620c1271,54366-h-close-success.txt,thought_correct,model_correct
,1b36cdb3-4fb1-4994-b87f-0353620c1271,105057-b-close-failed.txt,thought_incorrect,model_incorrect
,1b36cdb3-4fb1-4994-b87f-0353620c1271,104944-b-failed.txt,thought_incorrect,model_incorrect
,1b36cdb3-4fb1-4994-b87f-0353620c1271,54775-h-failed.txt,thought_unsure,model_incorrect
,afedb721-b8b3-403f-a138-e5b73c484730,54366-h-close-success.txt,thought_incorrect,model_correct
,afedb721-b8b3-403f-a138-e5b73c484730,54721-h-m2-success.txt,thought_correct,model_correct
,afedb721-b8b3-403f-a138-e5b73c484730,104979-success.txt,thought_correct,model_correct
,afedb721-b8b3-403f-a138-e5b73c484730,54775-h-failed.txt,thought_correct,model_incorrect
,afedb721-b8b3-403f-a138-e5b73c484730,104993-success.txt,thought_correct,model_correct
,afedb721-b8b3-403f-a138-e5b73c484730,54295-h-m1-success.txt,thought_correct,model_correct
,afedb721-b8b3-403f-a138-e5b73c484730,54200-h-m4-success.txt,thought_correct,model_correct
,afedb721-b8b3-403f-a138-e5b73c484730,105028-b-m3-success.txt,thought_correct,model_correct
,afedb721-b8b3-403f-a138-e5b73c484730,105057-b-close-failed.txt,thought_incorrect,model_incorrect
,afedb721-b8b3-403f-a138-e5b73c484730,104944-b-failed.txt,thought_incorrect,model_incorrect
,912e14f1-2f16-459d-8d0c-e10a1027b6de,54721-h-m2-success.txt,thought_correct,model_correct
,912e14f1-2f16-459d-8d0c-e10a1027b6de,104944-b-failed.txt,thought_unsure,model_incorrect
,912e14f1-2f16-459d-8d0c-e10a1027b6de,54775-h-failed.txt,thought_incorrect,model_incorrect
,912e14f1-2f16-459d-8d0c-e10a1027b6de,104979-success.txt,thought_correct,model_correct
,912e14f1-2f16-459d-8d0c-e10a1027b6de,104993-success.txt,thought_correct,model_correct
,912e14f1-2f16-459d-8d0c-e10a1027b6de,54295-h-m1-success.txt,thought_correct,model_correct
,912e14f1-2f16-459d-8d0c-e10a1027b6de,54200-h-m4-success.txt,thought_correct,model_correct
,912e14f1-2f16-459d-8d0c-e10a1027b6de,105028-b-m3-success.txt,thought_correct,model_correct
,912e14f1-2f16-459d-8d0c-e10a1027b6de,54366-h-close-success.txt,thought_correct,model_correct
,912e14f1-2f16-459d-8d0c-e10a1027b6de,105057-b-close-failed.txt,thought_incorrect,model_incorrect
,ca96caa4-1ed5-455f-9fcb-4b3ec427988d,54721-h-m2-success.txt,thought_correct,model_correct
,ca96caa4-1ed5-455f-9fcb-4b3ec427988d,104944-b-failed.txt,thought_unsure,model_incorrect
,ca96caa4-1ed5-455f-9fcb-4b3ec427988d,104979-success.txt,thought_correct,model_correct
,ca96caa4-1ed5-455f-9fcb-4b3ec427988d,104993-success.txt,thought_correct,model_correct
,ca96caa4-1ed5-455f-9fcb-4b3ec427988d,54295-h-m1-success.txt,thought_correct,model_correct
,ca96caa4-1ed5-455f-9fcb-4b3ec427988d,105028-b-m3-success.txt,thought_correct,model_correct
,ca96caa4-1ed5-455f-9fcb-4b3ec427988d,54200-h-m4-success.txt,thought_correct,model_correct
,ca96caa4-1ed5-455f-9fcb-4b3ec427988d,54366-h-close-success.txt,thought_correct,model_correct
,ca96caa4-1ed5-455f-9fcb-4b3ec427988d,105057-b-close-failed.txt,thought_incorrect,model_incorrect
,ca96caa4-1ed5-455f-9fcb-4b3ec427988d,54775-h-failed.txt,thought_unsure,model_incorrect
,116bb258-09a0-4781-a5e2-7ae0621c1a2b,54721-h-m2-success.txt,thought_correct,model_correct
,116bb258-09a0-4781-a5e2-7ae0621c1a2b,104944-b-failed.txt,thought_unsure,model_incorrect
,116bb258-09a0-4781-a5e2-7ae0621c1a2b,104979-success.txt,thought_correct,model_correct
,116bb258-09a0-4781-a5e2-7ae0621c1a2b,54775-h-failed.txt,thought_correct,model_incorrect
,116bb258-09a0-4781-a5e2-7ae0621c1a2b,104993-success.txt,thought_correct,model_correct
,116bb258-09a0-4781-a5e2-7ae0621c1a2b,54295-h-m1-success.txt,thought_correct,model_correct
,116bb258-09a0-4781-a5e2-7ae0621c1a2b,105028-b-m3-success.txt,thought_correct,model_correct
,116bb258-09a0-4781-a5e2-7ae0621c1a2b,54200-h-m4-success.txt,thought_correct,model_correct
,116bb258-09a0-4781-a5e2-7ae0621c1a2b,54366-h-close-success.txt,thought_correct,model_correct
,116bb258-09a0-4781-a5e2-7ae0621c1a2b,105057-b-close-failed.txt,thought_incorrect,model_incorrect
,42386715-faf6-4a7b-a718-71dba0cf9072,54721-h-m2-success.txt,thought_correct,model_correct
,42386715-faf6-4a7b-a718-71dba0cf9072,104944-b-failed.txt,thought_unsure,model_incorrect
,42386715-faf6-4a7b-a718-71dba0cf9072,54775-h-failed.txt,thought_incorrect,model_incorrect
,42386715-faf6-4a7b-a718-71dba0cf9072,104979-success.txt,thought_correct,model_correct
,42386715-faf6-4a7b-a718-71dba0cf9072,104993-success.txt,thought_correct,model_correct
,42386715-faf6-4a7b-a718-71dba0cf9072,54295-h-m1-success.txt,thought_correct,model_correct
,42386715-faf6-4a7b-a718-71dba0cf9072,105028-b-m3-success.txt,thought_correct,model_correct
,42386715-faf6-4a7b-a718-71dba0cf9072,54200-h-m4-success.txt,thought_correct,model_correct
,42386715-faf6-4a7b-a718-71dba0cf9072,54366-h-close-success.txt,thought_correct,model_correct
,42386715-faf6-4a7b-a718-71dba0cf9072,105057-b-close-failed.txt,thought_incorrect,model_incorrect
,f6eb787b-1b59-429a-8f6e-81dd544982e5,54721-h-m2-success.txt,thought_correct,model_correct
,f6eb787b-1b59-429a-8f6e-81dd544982e5,54775-h-failed.txt,thought_incorrect,model_incorrect
,f6eb787b-1b59-429a-8f6e-81dd544982e5,104979-success.txt,thought_correct,model_correct
,f6eb787b-1b59-429a-8f6e-81dd544982e5,104993-success.txt,thought_correct,model_correct
,f6eb787b-1b59-429a-8f6e-81dd544982e5,54295-h-m1-success.txt,thought_correct,model_correct
,f6eb787b-1b59-429a-8f6e-81dd544982e5,105028-b-m3-success.txt,thought_correct,model_correct
,f6eb787b-1b59-429a-8f6e-81dd544982e5,54200-h-m4-success.txt,thought_correct,model_correct
,f6eb787b-1b59-429a-8f6e-81dd544982e5,54366-h-close-success.txt,thought_correct,model_correct
,f6eb787b-1b59-429a-8f6e-81dd544982e5,105057-b-close-failed.txt,thought_incorrect,model_incorrect
,f6eb787b-1b59-429a-8f6e-81dd544982e5,104944-b-failed.txt,thought_incorrect,model_incorrect
,861e5d5a-59d4-4709-a6db-27d8c9d11b05,54721-h-m2-success.txt,thought_correct,model_correct
,861e5d5a-59d4-4709-a6db-27d8c9d11b05,104944-b-failed.txt,thought_unsure,model_incorrect
,861e5d5a-59d4-4709-a6db-27d8c9d11b05,54775-h-failed.txt,thought_incorrect,model_incorrect
,861e5d5a-59d4-4709-a6db-27d8c9d11b05,104979-success.txt,thought_correct,model_correct
,861e5d5a-59d4-4709-a6db-27d8c9d11b05,104993-success.txt,thought_correct,model_correct
,861e5d5a-59d4-4709-a6db-27d8c9d11b05,54295-h-m1-success.txt,thought_correct,model_correct
,861e5d5a-59d4-4709-a6db-27d8c9d11b05,105028-b-m3-success.txt,thought_correct,model_correct
,861e5d5a-59d4-4709-a6db-27d8c9d11b05,54200-h-m4-success.txt,thought_correct,model_correct
,861e5d5a-59d4-4709-a6db-27d8c9d11b05,54366-h-close-success.txt,thought_correct,model_correct
,861e5d5a-59d4-4709-a6db-27d8c9d11b05,105057-b-close-failed.txt,thought_incorrect,model_incorrect
,93b70965-f3ab-40e2-947a-5894735cf17a,105057-b-close-failed.txt,thought_correct,model_incorrect
,93b70965-f3ab-40e2-947a-5894735cf17a,54721-h-m2-success.txt,thought_correct,model_correct
,93b70965-f3ab-40e2-947a-5894735cf17a,104944-b-failed.txt,thought_unsure,model_incorrect
,93b70965-f3ab-40e2-947a-5894735cf17a,104979-success.txt,thought_correct,model_correct
,93b70965-f3ab-40e2-947a-5894735cf17a,54775-h-failed.txt,thought_correct,model_incorrect
,93b70965-f3ab-40e2-947a-5894735cf17a,104993-success.txt,thought_correct,model_correct
,93b70965-f3ab-40e2-947a-5894735cf17a,54295-h-m1-success.txt,thought_correct,model_correct
,93b70965-f3ab-40e2-947a-5894735cf17a,105028-b-m3-success.txt,thought_correct,model_correct
,93b70965-f3ab-40e2-947a-5894735cf17a,54200-h-m4-success.txt,thought_correct,model_correct
,93b70965-f3ab-40e2-947a-5894735cf17a,54366-h-close-success.txt,thought_correct,model_correct
,94d16d78-d10b-45e1-8a4c-0887a2f50271,54721-h-m2-success.txt,thought_correct,model_correct
,94d16d78-d10b-45e1-8a4c-0887a2f50271,104979-success.txt,thought_correct,model_correct
,94d16d78-d10b-45e1-8a4c-0887a2f50271,54775-h-failed.txt,thought_correct,model_incorrect
,94d16d78-d10b-45e1-8a4c-0887a2f50271,104993-success.txt,thought_correct,model_correct
,94d16d78-d10b-45e1-8a4c-0887a2f50271,54295-h-m1-success.txt,thought_correct,model_correct
,94d16d78-d10b-45e1-8a4c-0887a2f50271,105028-b-m3-success.txt,thought_correct,model_correct
,94d16d78-d10b-45e1-8a4c-0887a2f50271,54200-h-m4-success.txt,thought_correct,model_correct
,94d16d78-d10b-45e1-8a4c-0887a2f50271,54366-h-close-success.txt,thought_correct,model_correct
,94d16d78-d10b-45e1-8a4c-0887a2f50271,105057-b-close-failed.txt,thought_incorrect,model_incorrect
,94d16d78-d10b-45e1-8a4c-0887a2f50271,104944-b-failed.txt,thought_incorrect,model_incorrect
,5a8cd3a6-4307-448e-a53f-354ee0331f81,54721-h-m2-success.txt,thought_correct,model_correct
,5a8cd3a6-4307-448e-a53f-354ee0331f81,104944-b-failed.txt,thought_unsure,model_incorrect
,5a8cd3a6-4307-448e-a53f-354ee0331f81,54775-h-failed.txt,thought_incorrect,model_incorrect
,5a8cd3a6-4307-448e-a53f-354ee0331f81,104979-success.txt,thought_correct,model_correct
,5a8cd3a6-4307-448e-a53f-354ee0331f81,104993-success.txt,thought_correct,model_correct
,5a8cd3a6-4307-448e-a53f-354ee0331f81,54295-h-m1-success.txt,thought_correct,model_correct
,5a8cd3a6-4307-448e-a53f-354ee0331f81,105028-b-m3-success.txt,thought_correct,model_correct
,5a8cd3a6-4307-448e-a53f-354ee0331f81,54200-h-m4-success.txt,thought_correct,model_correct
,5a8cd3a6-4307-448e-a53f-354ee0331f81,54366-h-close-success.txt,thought_correct,model_correct
,5a8cd3a6-4307-448e-a53f-354ee0331f81,105057-b-close-failed.txt,thought_incorrect,model_incorrect
,9deefe11-561c-4012-9cea-a870522bfced,54721-h-m2-success.txt,thought_correct,model_correct
,9deefe11-561c-4012-9cea-a870522bfced,54775-h-failed.txt,thought_incorrect,model_incorrect
,9deefe11-561c-4012-9cea-a870522bfced,104979-success.txt,thought_correct,model_correct
,9deefe11-561c-4012-9cea-a870522bfced,104993-success.txt,thought_correct,model_correct
,9deefe11-561c-4012-9cea-a870522bfced,54295-h-m1-success.txt,thought_correct,model_correct
,9deefe11-561c-4012-9cea-a870522bfced,105028-b-m3-success.txt,thought_correct,model_correct
,9deefe11-561c-4012-9cea-a870522bfced,54200-h-m4-success.txt,thought_correct,model_correct
,9deefe11-561c-4012-9cea-a870522bfced,54366-h-close-success.txt,thought_correct,model_correct
,9deefe11-561c-4012-9cea-a870522bfced,105057-b-close-failed.txt,thought_incorrect,model_incorrect
,9deefe11-561c-4012-9cea-a870522bfced,104944-b-failed.txt,thought_incorrect,model_incorrect
,f34b2227-7f4f-48ee-a324-554529f121e5,54721-h-m2-success.txt,thought_correct,model_correct
,f34b2227-7f4f-48ee-a324-554529f121e5,104944-b-failed.txt,thought_unsure,model_incorrect
,f34b2227-7f4f-48ee-a324-554529f121e5,54775-h-failed.txt,thought_correct,model_incorrect
,f34b2227-7f4f-48ee-a324-554529f121e5,104979-success.txt,thought_correct,model_correct
,f34b2227-7f4f-48ee-a324-554529f121e5,104993-success.txt,thought_correct,model_correct
,f34b2227-7f4f-48ee-a324-554529f121e5,54295-h-m1-success.txt,thought_correct,model_correct
,f34b2227-7f4f-48ee-a324-554529f121e5,105028-b-m3-success.txt,thought_correct,model_correct
,f34b2227-7f4f-48ee-a324-554529f121e5,54200-h-m4-success.txt,thought_correct,model_correct
,f34b2227-7f4f-48ee-a324-554529f121e5,54366-h-close-success.txt,thought_correct,model_correct
,f34b2227-7f4f-48ee-a324-554529f121e5,105057-b-close-failed.txt,thought_incorrect,model_incorrect
,3f6af0ed-eec8-473a-8a33-1beaad2c4149,54721-h-m2-success.txt,thought_correct,model_correct
,3f6af0ed-eec8-473a-8a33-1beaad2c4149,104944-b-failed.txt,thought_unsure,model_incorrect
,3f6af0ed-eec8-473a-8a33-1beaad2c4149,54775-h-failed.txt,thought_incorrect,model_incorrect
,3f6af0ed-eec8-473a-8a33-1beaad2c4149,104979-success.txt,thought_correct,model_correct
,3f6af0ed-eec8-473a-8a33-1beaad2c4149,104993-success.txt,thought_correct,model_correct
,3f6af0ed-eec8-473a-8a33-1beaad2c4149,54295-h-m1-success.txt,thought_correct,model_correct
,3f6af0ed-eec8-473a-8a33-1beaad2c4149,54200-h-m4-success.txt,thought_correct,model_correct
,3f6af0ed-eec8-473a-8a33-1beaad2c4149,105028-b-m3-success.txt,thought_correct,model_correct
,3f6af0ed-eec8-473a-8a33-1beaad2c4149,54366-h-close-success.txt,thought_correct,model_correct
,3f6af0ed-eec8-473a-8a33-1beaad2c4149,105057-b-close-failed.txt,thought_incorrect,model_incorrect
,09fd466c-6146-4860-9690-efb7fb247094,104944-b-failed.txt,thought_correct,model_incorrect
,09fd466c-6146-4860-9690-efb7fb247094,54721-h-m2-success.txt,thought_correct,model_correct
,09fd466c-6146-4860-9690-efb7fb247094,54366-h-close-success.txt,thought_incorrect,model_correct
,09fd466c-6146-4860-9690-efb7fb247094,54775-h-failed.txt,thought_incorrect,model_incorrect
,09fd466c-6146-4860-9690-efb7fb247094,104979-success.txt,thought_correct,model_correct
,09fd466c-6146-4860-9690-efb7fb247094,104993-success.txt,thought_correct,model_correct
,09fd466c-6146-4860-9690-efb7fb247094,54295-h-m1-success.txt,thought_correct,model_correct
,09fd466c-6146-4860-9690-efb7fb247094,105028-b-m3-success.txt,thought_correct,model_correct
,09fd466c-6146-4860-9690-efb7fb247094,54200-h-m4-success.txt,thought_correct,model_correct
,09fd466c-6146-4860-9690-efb7fb247094,105057-b-close-failed.txt,thought_incorrect,model_incorrect
,ff4863d7-1a06-4565-b287-5d42c02d2ac7,54721-h-m2-success.txt,thought_correct,model_correct
,ff4863d7-1a06-4565-b287-5d42c02d2ac7,54775-h-failed.txt,thought_incorrect,model_incorrect
,ff4863d7-1a06-4565-b287-5d42c02d2ac7,104979-success.txt,thought_correct,model_correct
,ff4863d7-1a06-4565-b287-5d42c02d2ac7,104993-success.txt,thought_correct,model_correct
,ff4863d7-1a06-4565-b287-5d42c02d2ac7,54295-h-m1-success.txt,thought_correct,model_correct
,ff4863d7-1a06-4565-b287-5d42c02d2ac7,105028-b-m3-success.txt,thought_correct,model_correct
,ff4863d7-1a06-4565-b287-5d42c02d2ac7,54200-h-m4-success.txt,thought_correct,model_correct
,ff4863d7-1a06-4565-b287-5d42c02d2ac7,54366-h-close-success.txt,thought_correct,model_correct
,ff4863d7-1a06-4565-b287-5d42c02d2ac7,105057-b-close-failed.txt,thought_incorrect,model_incorrect
,ff4863d7-1a06-4565-b287-5d42c02d2ac7,104944-b-failed.txt,thought_incorrect,model_incorrect
,2f1ec1b4-0534-45f6-9947-913083515b45,54721-h-m2-success.txt,thought_correct,model_correct
,2f1ec1b4-0534-45f6-9947-913083515b45,104979-success.txt,thought_correct,model_correct
,2f1ec1b4-0534-45f6-9947-913083515b45,54775-h-failed.txt,thought_correct,model_incorrect
,2f1ec1b4-0534-45f6-9947-913083515b45,104993-success.txt,thought_correct,model_correct
,2f1ec1b4-0534-45f6-9947-913083515b45,54295-h-m1-success.txt,thought_correct,model_correct
,2f1ec1b4-0534-45f6-9947-913083515b45,105028-b-m3-success.txt,thought_correct,model_correct
,2f1ec1b4-0534-45f6-9947-913083515b45,54200-h-m4-success.txt,thought_correct,model_correct
,2f1ec1b4-0534-45f6-9947-913083515b45,54366-h-close-success.txt,thought_correct,model_correct
,2f1ec1b4-0534-45f6-9947-913083515b45,105057-b-close-failed.txt,thought_incorrect,model_incorrect
,2f1ec1b4-0534-45f6-9947-913083515b45,104944-b-failed.txt,thought_incorrect,model_incorrect
,15772021-6164-40e8-a6f4-a08309ca0c5e,54721-h-m2-success.txt,thought_correct,model_correct
,15772021-6164-40e8-a6f4-a08309ca0c5e,104944-b-failed.txt,thought_unsure,model_incorrect
,15772021-6164-40e8-a6f4-a08309ca0c5e,54775-h-failed.txt,thought_incorrect,model_incorrect
,15772021-6164-40e8-a6f4-a08309ca0c5e,104979-success.txt,thought_correct,model_correct
,15772021-6164-40e8-a6f4-a08309ca0c5e,104993-success.txt,thought_correct,model_correct
,15772021-6164-40e8-a6f4-a08309ca0c5e,54295-h-m1-success.txt,thought_correct,model_correct
,15772021-6164-40e8-a6f4-a08309ca0c5e,105028-b-m3-success.txt,thought_correct,model_correct
,15772021-6164-40e8-a6f4-a08309ca0c5e,54200-h-m4-success.txt,thought_correct,model_correct
,15772021-6164-40e8-a6f4-a08309ca0c5e,54366-h-close-success.txt,thought_correct,model_correct
,15772021-6164-40e8-a6f4-a08309ca0c5e,105057-b-close-failed.txt,thought_incorrect,model_incorrect
,9d789811-e83e-4437-8662-161f22c549e6,104944-b-failed.txt,thought_unsure,model_incorrect
,9d789811-e83e-4437-8662-161f22c549e6,104979-success.txt,thought_correct,model_correct
,9d789811-e83e-4437-8662-161f22c549e6,54775-h-failed.txt,thought_correct,model_incorrect
,9d789811-e83e-4437-8662-161f22c549e6,54721-h-m2-success.txt,thought_unsure,model_correct
,9d789811-e83e-4437-8662-161f22c549e6,104993-success.txt,thought_correct,model_correct
,9d789811-e83e-4437-8662-161f22c549e6,54295-h-m1-success.txt,thought_correct,model_correct
,9d789811-e83e-4437-8662-161f22c549e6,105028-b-m3-success.txt,thought_correct,model_correct
,9d789811-e83e-4437-8662-161f22c549e6,54200-h-m4-success.txt,thought_correct,model_correct
,9d789811-e83e-4437-8662-161f22c549e6,54366-h-close-success.txt,thought_correct,model_correct
,9d789811-e83e-4437-8662-161f22c549e6,105057-b-close-failed.txt,thought_incorrect,model_incorrect
,6565e05f-9106-4485-bf8f-8f7b5b00c5f6,105057-b-close-failed.txt,thought_correct,model_incorrect
,6565e05f-9106-4485-bf8f-8f7b5b00c5f6,54721-h-m2-success.txt,thought_correct,model_correct
,6565e05f-9106-4485-bf8f-8f7b5b00c5f6,104944-b-failed.txt,thought_unsure,model_incorrect
,6565e05f-9106-4485-bf8f-8f7b5b00c5f6,104979-success.txt,thought_correct,model_correct
,6565e05f-9106-4485-bf8f-8f7b5b00c5f6,104993-success.txt,thought_correct,model_correct
,6565e05f-9106-4485-bf8f-8f7b5b00c5f6,54295-h-m1-success.txt,thought_correct,model_correct
,6565e05f-9106-4485-bf8f-8f7b5b00c5f6,105028-b-m3-success.txt,thought_correct,model_correct
,6565e05f-9106-4485-bf8f-8f7b5b00c5f6,54200-h-m4-success.txt,thought_correct,model_correct
,6565e05f-9106-4485-bf8f-8f7b5b00c5f6,54366-h-close-success.txt,thought_unsure,model_correct
,6565e05f-9106-4485-bf8f-8f7b5b00c5f6,54775-h-failed.txt,thought_unsure,model_incorrect
,af860c26-3b8d-4ec8-b7ae-16ca5e9014a4,54721-h-m2-success.txt,thought_correct,model_correct
,af860c26-3b8d-4ec8-b7ae-16ca5e9014a4,104979-success.txt,thought_correct,model_correct
,af860c26-3b8d-4ec8-b7ae-16ca5e9014a4,54775-h-failed.txt,thought_correct,model_incorrect
,af860c26-3b8d-4ec8-b7ae-16ca5e9014a4,104993-success.txt,thought_correct,model_correct
,af860c26-3b8d-4ec8-b7ae-16ca5e9014a4,54295-h-m1-success.txt,thought_correct,model_correct
,af860c26-3b8d-4ec8-b7ae-16ca5e9014a4,105028-b-m3-success.txt,thought_correct,model_correct
,af860c26-3b8d-4ec8-b7ae-16ca5e9014a4,54200-h-m4-success.txt,thought_correct,model_correct
,af860c26-3b8d-4ec8-b7ae-16ca5e9014a4,54366-h-close-success.txt,thought_correct,model_correct
,af860c26-3b8d-4ec8-b7ae-16ca5e9014a4,105057-b-close-failed.txt,thought_incorrect,model_incorrect
,af860c26-3b8d-4ec8-b7ae-16ca5e9014a4,104944-b-failed.txt,thought_incorrect,model_incorrect
,1f54d07d-c7a7-4931-94be-5498932b200f,54721-h-m2-success.txt,thought_correct,model_correct
,1f54d07d-c7a7-4931-94be-5498932b200f,104944-b-failed.txt,thought_unsure,model_incorrect
,1f54d07d-c7a7-4931-94be-5498932b200f,54775-h-failed.txt,thought_incorrect,model_incorrect
,1f54d07d-c7a7-4931-94be-5498932b200f,104979-success.txt,thought_correct,model_correct
,1f54d07d-c7a7-4931-94be-5498932b200f,104993-success.txt,thought_correct,model_correct
,1f54d07d-c7a7-4931-94be-5498932b200f,54295-h-m1-success.txt,thought_correct,model_correct
,1f54d07d-c7a7-4931-94be-5498932b200f,105028-b-m3-success.txt,thought_correct,model_correct
,1f54d07d-c7a7-4931-94be-5498932b200f,54200-h-m4-success.txt,thought_correct,model_correct
,1f54d07d-c7a7-4931-94be-5498932b200f,54366-h-close-success.txt,thought_correct,model_correct
,1f54d07d-c7a7-4931-94be-5498932b200f,105057-b-close-failed.txt,thought_incorrect,model_incorrect
,5cbe99d7-0dda-4789-86ae-98fa066867ae,54721-h-m2-success.txt,thought_correct,model_correct
,5cbe99d7-0dda-4789-86ae-98fa066867ae,54200-h-m4-success.txt,thought_incorrect,model_correct
,5cbe99d7-0dda-4789-86ae-98fa066867ae,104979-success.txt,thought_correct,model_correct
,5cbe99d7-0dda-4789-86ae-98fa066867ae,104993-success.txt,thought_correct,model_correct
,5cbe99d7-0dda-4789-86ae-98fa066867ae,54295-h-m1-success.txt,thought_correct,model_correct
,5cbe99d7-0dda-4789-86ae-98fa066867ae,105028-b-m3-success.txt,thought_correct,model_correct
,5cbe99d7-0dda-4789-86ae-98fa066867ae,54366-h-close-success.txt,thought_correct,model_correct
,5cbe99d7-0dda-4789-86ae-98fa066867ae,105057-b-close-failed.txt,thought_incorrect,model_incorrect
,5cbe99d7-0dda-4789-86ae-98fa066867ae,104944-b-failed.txt,thought_incorrect,model_incorrect
,5cbe99d7-0dda-4789-86ae-98fa066867ae,54775-h-failed.txt,thought_unsure,model_incorrect
,45e978cb-e71e-4338-884a-79cb9c203283,54721-h-m2-success.txt,thought_correct,model_correct
,45e978cb-e71e-4338-884a-79cb9c203283,104944-b-failed.txt,thought_unsure,model_incorrect
,45e978cb-e71e-4338-884a-79cb9c203283,54775-h-failed.txt,thought_correct,model_incorrect
,45e978cb-e71e-4338-884a-79cb9c203283,104979-success.txt,thought_correct,model_correct
,45e978cb-e71e-4338-884a-79cb9c203283,104993-success.txt,thought_correct,model_correct
,45e978cb-e71e-4338-884a-79cb9c203283,54295-h-m1-success.txt,thought_correct,model_correct
,45e978cb-e71e-4338-884a-79cb9c203283,105028-b-m3-success.txt,thought_correct,model_correct
,45e978cb-e71e-4338-884a-79cb9c203283,54200-h-m4-success.txt,thought_correct,model_correct
,45e978cb-e71e-4338-884a-79cb9c203283,54366-h-close-success.txt,thought_correct,model_correct
,45e978cb-e71e-4338-884a-79cb9c203283,105057-b-close-failed.txt,thought_incorrect,model_incorrect
,014f7254-b2ba-443a-af30-39ceb0d17aa5,105057-b-close-failed.txt,thought_correct,model_incorrect
,014f7254-b2ba-443a-af30-39ceb0d17aa5,54721-h-m2-success.txt,thought_correct,model_correct
,014f7254-b2ba-443a-af30-39ceb0d17aa5,104944-b-failed.txt,thought_unsure,model_incorrect
,014f7254-b2ba-443a-af30-39ceb0d17aa5,104979-success.txt,thought_correct,model_correct
,014f7254-b2ba-443a-af30-39ceb0d17aa5,104993-success.txt,thought_correct,model_correct
,014f7254-b2ba-443a-af30-39ceb0d17aa5,54295-h-m1-success.txt,thought_correct,model_correct
,014f7254-b2ba-443a-af30-39ceb0d17aa5,105028-b-m3-success.txt,thought_correct,model_correct
,014f7254-b2ba-443a-af30-39ceb0d17aa5,54200-h-m4-success.txt,thought_correct,model_correct
,014f7254-b2ba-443a-af30-39ceb0d17aa5,54366-h-close-success.txt,thought_correct,model_correct
,014f7254-b2ba-443a-af30-39ceb0d17aa5,54775-h-failed.txt,thought_unsure,model_incorrect
,bfc09c0b-8dd1-4679-9eb4-36a1a34915bb,54721-h-m2-success.txt,thought_correct,model_correct
,bfc09c0b-8dd1-4679-9eb4-36a1a34915bb,104944-b-failed.txt,thought_unsure,model_incorrect
,bfc09c0b-8dd1-4679-9eb4-36a1a34915bb,104979-success.txt,thought_correct,model_correct
,bfc09c0b-8dd1-4679-9eb4-36a1a34915bb,104993-success.txt,thought_correct,model_correct
,bfc09c0b-8dd1-4679-9eb4-36a1a34915bb,54295-h-m1-success.txt,thought_correct,model_correct
,bfc09c0b-8dd1-4679-9eb4-36a1a34915bb,105028-b-m3-success.txt,thought_correct,model_correct
,bfc09c0b-8dd1-4679-9eb4-36a1a34915bb,54200-h-m4-success.txt,thought_correct,model_correct
,bfc09c0b-8dd1-4679-9eb4-36a1a34915bb,54366-h-close-success.txt,thought_correct,model_correct
,bfc09c0b-8dd1-4679-9eb4-36a1a34915bb,105057-b-close-failed.txt,thought_incorrect,model_incorrect
,bfc09c0b-8dd1-4679-9eb4-36a1a34915bb,54775-h-failed.txt,thought_unsure,model_incorrect
,a180012e-05f5-409f-a15d-8ef86efa3b65,54721-h-m2-success.txt,thought_correct,model_correct
,a180012e-05f5-409f-a15d-8ef86efa3b65,104944-b-failed.txt,thought_unsure,model_incorrect
,a180012e-05f5-409f-a15d-8ef86efa3b65,104979-success.txt,thought_correct,model_correct
,a180012e-05f5-409f-a15d-8ef86efa3b65,104993-success.txt,thought_correct,model_correct
,a180012e-05f5-409f-a15d-8ef86efa3b65,54295-h-m1-success.txt,thought_correct,model_correct
,a180012e-05f5-409f-a15d-8ef86efa3b65,105028-b-m3-success.txt,thought_correct,model_correct
,a180012e-05f5-409f-a15d-8ef86efa3b65,54200-h-m4-success.txt,thought_correct,model_correct
,a180012e-05f5-409f-a15d-8ef86efa3b65,54366-h-close-success.txt,thought_correct,model_correct
,a180012e-05f5-409f-a15d-8ef86efa3b65,105057-b-close-failed.txt,thought_incorrect,model_incorrect
,a180012e-05f5-409f-a15d-8ef86efa3b65,54775-h-failed.txt,thought_unsure,model_incorrect
_explain,c5be635a-8570-41b2-8abb-b646e4fe501c,104944-b-failed.txt,thought_correct,model_incorrect
_explain,c5be635a-8570-41b2-8abb-b646e4fe501c,54721-h-m2-success.txt,thought_correct,model_correct
_explain,c5be635a-8570-41b2-8abb-b646e4fe501c,54775-h-failed.txt,thought_incorrect,model_incorrect
_explain,c5be635a-8570-41b2-8abb-b646e4fe501c,104979-success.txt,thought_correct,model_correct
_explain,c5be635a-8570-41b2-8abb-b646e4fe501c,104993-success.txt,thought_correct,model_correct
_explain,c5be635a-8570-41b2-8abb-b646e4fe501c,54295-h-m1-success.txt,thought_correct,model_correct
_explain,c5be635a-8570-41b2-8abb-b646e4fe501c,105028-b-m3-success.txt,thought_correct,model_correct
_explain,c5be635a-8570-41b2-8abb-b646e4fe501c,54200-h-m4-success.txt,thought_correct,model_correct
_explain,c5be635a-8570-41b2-8abb-b646e4fe501c,54366-h-close-success.txt,thought_correct,model_correct
_explain,c5be635a-8570-41b2-8abb-b646e4fe501c,105057-b-close-failed.txt,thought_incorrect,model_incorrect
_explain,9deb5e4e-7c45-4a73-9c06-654e86f3eab3,54721-h-m2-success.txt,thought_correct,model_correct
_explain,9deb5e4e-7c45-4a73-9c06-654e86f3eab3,104944-b-failed.txt,thought_unsure,model_incorrect
_explain,9deb5e4e-7c45-4a73-9c06-654e86f3eab3,54775-h-failed.txt,thought_incorrect,model_incorrect
_explain,9deb5e4e-7c45-4a73-9c06-654e86f3eab3,104979-success.txt,thought_correct,model_correct
_explain,9deb5e4e-7c45-4a73-9c06-654e86f3eab3,104993-success.txt,thought_correct,model_correct
_explain,9deb5e4e-7c45-4a73-9c06-654e86f3eab3,54295-h-m1-success.txt,thought_correct,model_correct
_explain,9deb5e4e-7c45-4a73-9c06-654e86f3eab3,105028-b-m3-success.txt,thought_correct,model_correct
_explain,9deb5e4e-7c45-4a73-9c06-654e86f3eab3,54200-h-m4-success.txt,thought_correct,model_correct
_explain,9deb5e4e-7c45-4a73-9c06-654e86f3eab3,54366-h-close-success.txt,thought_correct,model_correct
_explain,9deb5e4e-7c45-4a73-9c06-654e86f3eab3,105057-b-close-failed.txt,thought_incorrect,model_incorrect
_explain,2a035311-a655-47d0-85f9-f003a3bf32d7,54721-h-m2-success.txt,thought_correct,model_correct
_explain,2a035311-a655-47d0-85f9-f003a3bf32d7,104944-b-failed.txt,thought_unsure,model_incorrect
_explain,2a035311-a655-47d0-85f9-f003a3bf32d7,104979-success.txt,thought_correct,model_correct
_explain,2a035311-a655-47d0-85f9-f003a3bf32d7,104993-success.txt,thought_correct,model_correct
_explain,2a035311-a655-47d0-85f9-f003a3bf32d7,54295-h-m1-success.txt,thought_correct,model_correct
_explain,2a035311-a655-47d0-85f9-f003a3bf32d7,105028-b-m3-success.txt,thought_correct,model_correct
_explain,2a035311-a655-47d0-85f9-f003a3bf32d7,54200-h-m4-success.txt,thought_correct,model_correct
_explain,2a035311-a655-47d0-85f9-f003a3bf32d7,54366-h-close-success.txt,thought_correct,model_correct
_explain,2a035311-a655-47d0-85f9-f003a3bf32d7,105057-b-close-failed.txt,thought_incorrect,model_incorrect
_explain,2a035311-a655-47d0-85f9-f003a3bf32d7,54775-h-failed.txt,thought_unsure,model_incorrect
_explain,13a25166-03af-4048-80f5-d6149b0876f6,54721-h-m2-success.txt,thought_correct,model_correct
_explain,13a25166-03af-4048-80f5-d6149b0876f6,104944-b-failed.txt,thought_unsure,model_incorrect
_explain,13a25166-03af-4048-80f5-d6149b0876f6,54775-h-failed.txt,thought_incorrect,model_incorrect
_explain,13a25166-03af-4048-80f5-d6149b0876f6,104979-success.txt,thought_correct,model_correct
_explain,13a25166-03af-4048-80f5-d6149b0876f6,54295-h-m1-success.txt,thought_correct,model_correct
_explain,13a25166-03af-4048-80f5-d6149b0876f6,104993-success.txt,thought_correct,model_correct
_explain,13a25166-03af-4048-80f5-d6149b0876f6,105028-b-m3-success.txt,thought_correct,model_correct
_explain,13a25166-03af-4048-80f5-d6149b0876f6,54200-h-m4-success.txt,thought_correct,model_correct
_explain,13a25166-03af-4048-80f5-d6149b0876f6,54366-h-close-success.txt,thought_correct,model_correct
_explain,13a25166-03af-4048-80f5-d6149b0876f6,105057-b-close-failed.txt,thought_incorrect,model_incorrect
_explain,e5acc83b-a65c-41c8-a3c0-0878dc8b0641,54721-h-m2-success.txt,thought_correct,model_correct
_explain,e5acc83b-a65c-41c8-a3c0-0878dc8b0641,104944-b-failed.txt,thought_unsure,model_incorrect
_explain,e5acc83b-a65c-41c8-a3c0-0878dc8b0641,54775-h-failed.txt,thought_incorrect,model_incorrect
_explain,e5acc83b-a65c-41c8-a3c0-0878dc8b0641,104979-success.txt,thought_correct,model_correct
_explain,e5acc83b-a65c-41c8-a3c0-0878dc8b0641,54295-h-m1-success.txt,thought_correct,model_correct
_explain,e5acc83b-a65c-41c8-a3c0-0878dc8b0641,104993-success.txt,thought_correct,model_correct
_explain,e5acc83b-a65c-41c8-a3c0-0878dc8b0641,105028-b-m3-success.txt,thought_correct,model_correct
_explain,e5acc83b-a65c-41c8-a3c0-0878dc8b0641,54200-h-m4-success.txt,thought_correct,model_correct
_explain,e5acc83b-a65c-41c8-a3c0-0878dc8b0641,54366-h-close-success.txt,thought_correct,model_correct
_explain,e5acc83b-a65c-41c8-a3c0-0878dc8b0641,105057-b-close-failed.txt,thought_incorrect,model_incorrect
_explain,c560122e-0301-4e8d-8641-fff0b26d2831,104944-b-failed.txt,thought_correct,model_incorrect
_explain,c560122e-0301-4e8d-8641-fff0b26d2831,54721-h-m2-success.txt,thought_correct,model_correct
_explain,c560122e-0301-4e8d-8641-fff0b26d2831,104979-success.txt,thought_correct,model_correct
_explain,c560122e-0301-4e8d-8641-fff0b26d2831,104993-success.txt,thought_correct,model_correct
_explain,c560122e-0301-4e8d-8641-fff0b26d2831,54295-h-m1-success.txt,thought_correct,model_correct
_explain,c560122e-0301-4e8d-8641-fff0b26d2831,105028-b-m3-success.txt,thought_correct,model_correct
_explain,c560122e-0301-4e8d-8641-fff0b26d2831,54200-h-m4-success.txt,thought_correct,model_correct
_explain,c560122e-0301-4e8d-8641-fff0b26d2831,54366-h-close-success.txt,thought_correct,model_correct
_explain,c560122e-0301-4e8d-8641-fff0b26d2831,105057-b-close-failed.txt,thought_incorrect,model_incorrect
_explain,c560122e-0301-4e8d-8641-fff0b26d2831,54775-h-failed.txt,thought_unsure,model_incorrect
_explain,6c8f7eb6-a2a7-4cf2-b3ea-8e7cfeb9d549,54721-h-m2-success.txt,thought_correct,model_correct
_explain,6c8f7eb6-a2a7-4cf2-b3ea-8e7cfeb9d549,104944-b-failed.txt,thought_unsure,model_incorrect
_explain,6c8f7eb6-a2a7-4cf2-b3ea-8e7cfeb9d549,54775-h-failed.txt,thought_incorrect,model_incorrect
_explain,6c8f7eb6-a2a7-4cf2-b3ea-8e7cfeb9d549,104979-success.txt,thought_correct,model_correct
_explain,6c8f7eb6-a2a7-4cf2-b3ea-8e7cfeb9d549,104993-success.txt,thought_correct,model_correct
_explain,6c8f7eb6-a2a7-4cf2-b3ea-8e7cfeb9d549,54295-h-m1-success.txt,thought_correct,model_correct
_explain,6c8f7eb6-a2a7-4cf2-b3ea-8e7cfeb9d549,105028-b-m3-success.txt,thought_correct,model_correct
_explain,6c8f7eb6-a2a7-4cf2-b3ea-8e7cfeb9d549,54200-h-m4-success.txt,thought_correct,model_correct
_explain,6c8f7eb6-a2a7-4cf2-b3ea-8e7cfeb9d549,54366-h-close-success.txt,thought_correct,model_correct
_explain,6c8f7eb6-a2a7-4cf2-b3ea-8e7cfeb9d549,105057-b-close-failed.txt,thought_incorrect,model_incorrect
_explain,dabe8093-4793-4086-8f19-3589cab190a5,54721-h-m2-success.txt,thought_correct,model_correct
_explain,dabe8093-4793-4086-8f19-3589cab190a5,104944-b-failed.txt,thought_unsure,model_incorrect
_explain,dabe8093-4793-4086-8f19-3589cab190a5,54200-h-m4-success.txt,thought_incorrect,model_correct
_explain,dabe8093-4793-4086-8f19-3589cab190a5,54775-h-failed.txt,thought_incorrect,model_incorrect
_explain,dabe8093-4793-4086-8f19-3589cab190a5,104979-success.txt,thought_correct,model_correct
_explain,dabe8093-4793-4086-8f19-3589cab190a5,104993-success.txt,thought_correct,model_correct
_explain,dabe8093-4793-4086-8f19-3589cab190a5,54295-h-m1-success.txt,thought_correct,model_correct
_explain,dabe8093-4793-4086-8f19-3589cab190a5,105028-b-m3-success.txt,thought_correct,model_correct
_explain,dabe8093-4793-4086-8f19-3589cab190a5,54366-h-close-success.txt,thought_correct,model_correct
_explain,dabe8093-4793-4086-8f19-3589cab190a5,105057-b-close-failed.txt,thought_incorrect,model_incorrect
_explain,c099a88f-cece-458f-b127-1dc51ef12599,54721-h-m2-success.txt,thought_correct,model_correct
_explain,c099a88f-cece-458f-b127-1dc51ef12599,104944-b-failed.txt,thought_unsure,model_incorrect
_explain,c099a88f-cece-458f-b127-1dc51ef12599,54775-h-failed.txt,thought_incorrect,model_incorrect
_explain,c099a88f-cece-458f-b127-1dc51ef12599,104979-success.txt,thought_correct,model_correct
_explain,c099a88f-cece-458f-b127-1dc51ef12599,104993-success.txt,thought_correct,model_correct
_explain,c099a88f-cece-458f-b127-1dc51ef12599,54295-h-m1-success.txt,thought_correct,model_correct
_explain,c099a88f-cece-458f-b127-1dc51ef12599,105028-b-m3-success.txt,thought_correct,model_correct
_explain,c099a88f-cece-458f-b127-1dc51ef12599,54200-h-m4-success.txt,thought_correct,model_correct
_explain,c099a88f-cece-458f-b127-1dc51ef12599,54366-h-close-success.txt,thought_correct,model_correct
_explain,c099a88f-cece-458f-b127-1dc51ef12599,105057-b-close-failed.txt,thought_incorrect,model_incorrect
_explain,455ea770-880e-4b6e-86f2-19e09c6aec4f,104993-success.txt,thought_incorrect,model_correct
_explain,455ea770-880e-4b6e-86f2-19e09c6aec4f,54721-h-m2-success.txt,thought_correct,model_correct
_explain,455ea770-880e-4b6e-86f2-19e09c6aec4f,54775-h-failed.txt,thought_incorrect,model_incorrect
_explain,455ea770-880e-4b6e-86f2-19e09c6aec4f,104979-success.txt,thought_correct,model_correct
_explain,455ea770-880e-4b6e-86f2-19e09c6aec4f,54295-h-m1-success.txt,thought_correct,model_correct
_explain,455ea770-880e-4b6e-86f2-19e09c6aec4f,105028-b-m3-success.txt,thought_correct,model_correct
_explain,455ea770-880e-4b6e-86f2-19e09c6aec4f,54200-h-m4-success.txt,thought_correct,model_correct
_explain,455ea770-880e-4b6e-86f2-19e09c6aec4f,54366-h-close-success.txt,thought_correct,model_correct
_explain,455ea770-880e-4b6e-86f2-19e09c6aec4f,105057-b-close-failed.txt,thought_incorrect,model_incorrect
_explain,455ea770-880e-4b6e-86f2-19e09c6aec4f,104944-b-failed.txt,thought_incorrect,model_incorrect
_explain,cf71ffa6-c298-4df2-ab2d-9b2b3c208cd8,54721-h-m2-success.txt,thought_correct,model_correct
_explain,cf71ffa6-c298-4df2-ab2d-9b2b3c208cd8,104944-b-failed.txt,thought_unsure,model_incorrect
_explain,cf71ffa6-c298-4df2-ab2d-9b2b3c208cd8,54775-h-failed.txt,thought_incorrect,model_incorrect
_explain,cf71ffa6-c298-4df2-ab2d-9b2b3c208cd8,104979-success.txt,thought_correct,model_correct
_explain,cf71ffa6-c298-4df2-ab2d-9b2b3c208cd8,104993-success.txt,thought_correct,model_correct
_explain,cf71ffa6-c298-4df2-ab2d-9b2b3c208cd8,54295-h-m1-success.txt,thought_correct,model_correct
_explain,cf71ffa6-c298-4df2-ab2d-9b2b3c208cd8,105028-b-m3-success.txt,thought_correct,model_correct
_explain,cf71ffa6-c298-4df2-ab2d-9b2b3c208cd8,54200-h-m4-success.txt,thought_correct,model_correct
_explain,cf71ffa6-c298-4df2-ab2d-9b2b3c208cd8,54366-h-close-success.txt,thought_correct,model_correct
_explain,cf71ffa6-c298-4df2-ab2d-9b2b3c208cd8,105057-b-close-failed.txt,thought_incorrect,model_incorrect
_explain,41ea6c01-6b6f-4db7-bbc2-5f39e8d91b52,104944-b-failed.txt,thought_correct,model_incorrect
_explain,41ea6c01-6b6f-4db7-bbc2-5f39e8d91b52,54721-h-m2-success.txt,thought_correct,model_correct
_explain,41ea6c01-6b6f-4db7-bbc2-5f39e8d91b52,54775-h-failed.txt,thought_incorrect,model_incorrect
_explain,41ea6c01-6b6f-4db7-bbc2-5f39e8d91b52,104979-success.txt,thought_correct,model_correct
_explain,41ea6c01-6b6f-4db7-bbc2-5f39e8d91b52,54295-h-m1-success.txt,thought_correct,model_correct
_explain,41ea6c01-6b6f-4db7-bbc2-5f39e8d91b52,104993-success.txt,thought_correct,model_correct
_explain,41ea6c01-6b6f-4db7-bbc2-5f39e8d91b52,105028-b-m3-success.txt,thought_correct,model_correct
_explain,41ea6c01-6b6f-4db7-bbc2-5f39e8d91b52,54200-h-m4-success.txt,thought_correct,model_correct
_explain,41ea6c01-6b6f-4db7-bbc2-5f39e8d91b52,54366-h-close-success.txt,thought_correct,model_correct
_explain,41ea6c01-6b6f-4db7-bbc2-5f39e8d91b52,105057-b-close-failed.txt,thought_incorrect,model_incorrect
_explain,9ff0bd96-960e-45e0-8e0e-39b27b3059a0,54721-h-m2-success.txt,thought_correct,model_correct
_explain,9ff0bd96-960e-45e0-8e0e-39b27b3059a0,104944-b-failed.txt,thought_unsure,model_incorrect
_explain,9ff0bd96-960e-45e0-8e0e-39b27b3059a0,104979-success.txt,thought_correct,model_correct
_explain,9ff0bd96-960e-45e0-8e0e-39b27b3059a0,104993-success.txt,thought_correct,model_correct
_explain,9ff0bd96-960e-45e0-8e0e-39b27b3059a0,54295-h-m1-success.txt,thought_correct,model_correct
_explain,9ff0bd96-960e-45e0-8e0e-39b27b3059a0,105028-b-m3-success.txt,thought_correct,model_correct
_explain,9ff0bd96-960e-45e0-8e0e-39b27b3059a0,54200-h-m4-success.txt,thought_correct,model_correct
_explain,9ff0bd96-960e-45e0-8e0e-39b27b3059a0,54366-h-close-success.txt,thought_unsure,model_correct
_explain,9ff0bd96-960e-45e0-8e0e-39b27b3059a0,105057-b-close-failed.txt,thought_incorrect,model_incorrect
_explain,9ff0bd96-960e-45e0-8e0e-39b27b3059a0,54775-h-failed.txt,thought_unsure,model_incorrect
_explain,eae8706f-2c9c-447f-966e-e4388ceb5ac6,54721-h-m2-success.txt,thought_correct,model_correct
_explain,eae8706f-2c9c-447f-966e-e4388ceb5ac6,104944-b-failed.txt,thought_unsure,model_incorrect
_explain,eae8706f-2c9c-447f-966e-e4388ceb5ac6,54775-h-failed.txt,thought_incorrect,model_incorrect
_explain,eae8706f-2c9c-447f-966e-e4388ceb5ac6,104979-success.txt,thought_correct,model_correct
_explain,eae8706f-2c9c-447f-966e-e4388ceb5ac6,104993-success.txt,thought_correct,model_correct
_explain,eae8706f-2c9c-447f-966e-e4388ceb5ac6,54295-h-m1-success.txt,thought_correct,model_correct
_explain,eae8706f-2c9c-447f-966e-e4388ceb5ac6,105028-b-m3-success.txt,thought_correct,model_correct
_explain,eae8706f-2c9c-447f-966e-e4388ceb5ac6,54200-h-m4-success.txt,thought_correct,model_correct
_explain,eae8706f-2c9c-447f-966e-e4388ceb5ac6,54366-h-close-success.txt,thought_correct,model_correct
_explain,eae8706f-2c9c-447f-966e-e4388ceb5ac6,105057-b-close-failed.txt,thought_incorrect,model_incorrect
_explain,6811d6a9-1695-4d01-a1ed-e1d316be0234,54721-h-m2-success.txt,thought_correct,model_correct
_explain,6811d6a9-1695-4d01-a1ed-e1d316be0234,104944-b-failed.txt,thought_unsure,model_incorrect
_explain,6811d6a9-1695-4d01-a1ed-e1d316be0234,104979-success.txt,thought_correct,model_correct
_explain,6811d6a9-1695-4d01-a1ed-e1d316be0234,54775-h-failed.txt,thought_correct,model_incorrect
_explain,6811d6a9-1695-4d01-a1ed-e1d316be0234,104993-success.txt,thought_correct,model_correct
_explain,6811d6a9-1695-4d01-a1ed-e1d316be0234,54295-h-m1-success.txt,thought_correct,model_correct
_explain,6811d6a9-1695-4d01-a1ed-e1d316be0234,105028-b-m3-success.txt,thought_correct,model_correct
_explain,6811d6a9-1695-4d01-a1ed-e1d316be0234,54200-h-m4-success.txt,thought_correct,model_correct
_explain,6811d6a9-1695-4d01-a1ed-e1d316be0234,54366-h-close-success.txt,thought_correct,model_correct
_explain,6811d6a9-1695-4d01-a1ed-e1d316be0234,105057-b-close-failed.txt,thought_incorrect,model_incorrect
_explain,0a07b803-8707-479c-8c05-50ea4673fa92,104944-b-failed.txt,thought_correct,model_incorrect
_explain,0a07b803-8707-479c-8c05-50ea4673fa92,54721-h-m2-success.txt,thought_correct,model_correct
_explain,0a07b803-8707-479c-8c05-50ea4673fa92,104979-success.txt,thought_correct,model_correct
_explain,0a07b803-8707-479c-8c05-50ea4673fa92,54775-h-failed.txt,thought_correct,model_incorrect
_explain,0a07b803-8707-479c-8c05-50ea4673fa92,104993-success.txt,thought_correct,model_correct
_explain,0a07b803-8707-479c-8c05-50ea4673fa92,54295-h-m1-success.txt,thought_correct,model_correct
_explain,0a07b803-8707-479c-8c05-50ea4673fa92,105028-b-m3-success.txt,thought_correct,model_correct
_explain,0a07b803-8707-479c-8c05-50ea4673fa92,54200-h-m4-success.txt,thought_correct,model_correct
_explain,0a07b803-8707-479c-8c05-50ea4673fa92,54366-h-close-success.txt,thought_correct,model_correct
_explain,0a07b803-8707-479c-8c05-50ea4673fa92,105057-b-close-failed.txt,thought_incorrect,model_incorrect
_explain,1311767d-1705-4702-9881-0b7594312aef,54721-h-m2-success.txt,thought_correct,model_correct
_explain,1311767d-1705-4702-9881-0b7594312aef,104944-b-failed.txt,thought_unsure,model_incorrect
_explain,1311767d-1705-4702-9881-0b7594312aef,54775-h-failed.txt,thought_incorrect,model_incorrect
_explain,1311767d-1705-4702-9881-0b7594312aef,104979-success.txt,thought_correct,model_correct
_explain,1311767d-1705-4702-9881-0b7594312aef,104993-success.txt,thought_correct,model_correct
_explain,1311767d-1705-4702-9881-0b7594312aef,54295-h-m1-success.txt,thought_correct,model_correct
_explain,1311767d-1705-4702-9881-0b7594312aef,105028-b-m3-success.txt,thought_correct,model_correct
_explain,1311767d-1705-4702-9881-0b7594312aef,54200-h-m4-success.txt,thought_correct,model_correct
_explain,1311767d-1705-4702-9881-0b7594312aef,54366-h-close-success.txt,thought_correct,model_correct
_explain,1311767d-1705-4702-9881-0b7594312aef,105057-b-close-failed.txt,thought_incorrect,model_incorrect
_explain,8c5e9d58-c8bd-4488-8a93-97bc2bd3b6a6,54721-h-m2-success.txt,thought_correct,model_correct
_explain,8c5e9d58-c8bd-4488-8a93-97bc2bd3b6a6,104944-b-failed.txt,thought_unsure,model_incorrect
_explain,8c5e9d58-c8bd-4488-8a93-97bc2bd3b6a6,54775-h-failed.txt,thought_incorrect,model_incorrect
_explain,8c5e9d58-c8bd-4488-8a93-97bc2bd3b6a6,104979-success.txt,thought_correct,model_correct
_explain,8c5e9d58-c8bd-4488-8a93-97bc2bd3b6a6,104993-success.txt,thought_correct,model_correct
_explain,8c5e9d58-c8bd-4488-8a93-97bc2bd3b6a6,54295-h-m1-success.txt,thought_correct,model_correct
_explain,8c5e9d58-c8bd-4488-8a93-97bc2bd3b6a6,105028-b-m3-success.txt,thought_correct,model_correct
_explain,8c5e9d58-c8bd-4488-8a93-97bc2bd3b6a6,54200-h-m4-success.txt,thought_correct,model_correct
_explain,8c5e9d58-c8bd-4488-8a93-97bc2bd3b6a6,54366-h-close-success.txt,thought_correct,model_correct
_explain,8c5e9d58-c8bd-4488-8a93-97bc2bd3b6a6,105057-b-close-failed.txt,thought_incorrect,model_incorrect
_explain,9e550dda-4548-4c1b-9f09-49c715bbbc74,54721-h-m2-success.txt,thought_correct,model_correct
_explain,9e550dda-4548-4c1b-9f09-49c715bbbc74,54775-h-failed.txt,thought_incorrect,model_incorrect
_explain,9e550dda-4548-4c1b-9f09-49c715bbbc74,104979-success.txt,thought_correct,model_correct
_explain,9e550dda-4548-4c1b-9f09-49c715bbbc74,54295-h-m1-success.txt,thought_correct,model_correct
_explain,9e550dda-4548-4c1b-9f09-49c715bbbc74,104993-success.txt,thought_correct,model_correct
_explain,9e550dda-4548-4c1b-9f09-49c715bbbc74,105028-b-m3-success.txt,thought_correct,model_correct
_explain,9e550dda-4548-4c1b-9f09-49c715bbbc74,54200-h-m4-success.txt,thought_correct,model_correct
_explain,9e550dda-4548-4c1b-9f09-49c715bbbc74,54366-h-close-success.txt,thought_correct,model_correct
_explain,9e550dda-4548-4c1b-9f09-49c715bbbc74,105057-b-close-failed.txt,thought_incorrect,model_incorrect
_explain,9e550dda-4548-4c1b-9f09-49c715bbbc74,104944-b-failed.txt,thought_incorrect,model_incorrect
_explain,76f696f8-a4d7-4adb-87cb-ce65eeafa115,105057-b-close-failed.txt,thought_correct,model_incorrect
_explain,76f696f8-a4d7-4adb-87cb-ce65eeafa115,104944-b-failed.txt,thought_correct,model_incorrect
_explain,76f696f8-a4d7-4adb-87cb-ce65eeafa115,54295-h-m1-success.txt,thought_incorrect,model_correct
_explain,76f696f8-a4d7-4adb-87cb-ce65eeafa115,104979-success.txt,thought_correct,model_correct
_explain,76f696f8-a4d7-4adb-87cb-ce65eeafa115,54775-h-failed.txt,thought_correct,model_incorrect
_explain,76f696f8-a4d7-4adb-87cb-ce65eeafa115,104993-success.txt,thought_correct,model_correct
_explain,76f696f8-a4d7-4adb-87cb-ce65eeafa115,105028-b-m3-success.txt,thought_correct,model_correct
_explain,76f696f8-a4d7-4adb-87cb-ce65eeafa115,54721-h-m2-success.txt,thought_incorrect,model_correct
_explain,76f696f8-a4d7-4adb-87cb-ce65eeafa115,54200-h-m4-success.txt,thought_correct,model_correct
_explain,76f696f8-a4d7-4adb-87cb-ce65eeafa115,54366-h-close-success.txt,thought_correct,model_correct
_explain,27d37697-39ee-477d-ba07-6b0155879b3d,104993-success.txt,thought_incorrect,model_correct
_explain,27d37697-39ee-477d-ba07-6b0155879b3d,104979-success.txt,thought_correct,model_correct
_explain,27d37697-39ee-477d-ba07-6b0155879b3d,54775-h-failed.txt,thought_correct,model_incorrect
_explain,27d37697-39ee-477d-ba07-6b0155879b3d,54721-h-m2-success.txt,thought_unsure,model_correct
_explain,27d37697-39ee-477d-ba07-6b0155879b3d,54295-h-m1-success.txt,thought_correct,model_correct
_explain,27d37697-39ee-477d-ba07-6b0155879b3d,105028-b-m3-success.txt,thought_correct,model_correct
_explain,27d37697-39ee-477d-ba07-6b0155879b3d,54200-h-m4-success.txt,thought_correct,model_correct
_explain,27d37697-39ee-477d-ba07-6b0155879b3d,54366-h-close-success.txt,thought_correct,model_correct
_explain,27d37697-39ee-477d-ba07-6b0155879b3d,105057-b-close-failed.txt,thought_incorrect,model_incorrect
_explain,27d37697-39ee-477d-ba07-6b0155879b3d,104944-b-failed.txt,thought_incorrect,model_incorrect
_explain,f133dc75-46c3-4bce-a5b2-25b111e0aba9,105057-b-close-failed.txt,thought_correct,model_incorrect
_explain,f133dc75-46c3-4bce-a5b2-25b111e0aba9,54721-h-m2-success.txt,thought_correct,model_correct
_explain,f133dc75-46c3-4bce-a5b2-25b111e0aba9,104944-b-failed.txt,thought_unsure,model_incorrect
_explain,f133dc75-46c3-4bce-a5b2-25b111e0aba9,54775-h-failed.txt,thought_incorrect,model_incorrect
_explain,f133dc75-46c3-4bce-a5b2-25b111e0aba9,104979-success.txt,thought_correct,model_correct
_explain,f133dc75-46c3-4bce-a5b2-25b111e0aba9,104993-success.txt,thought_correct,model_correct
_explain,f133dc75-46c3-4bce-a5b2-25b111e0aba9,54295-h-m1-success.txt,thought_correct,model_correct
_explain,f133dc75-46c3-4bce-a5b2-25b111e0aba9,105028-b-m3-success.txt,thought_correct,model_correct
_explain,f133dc75-46c3-4bce-a5b2-25b111e0aba9,54200-h-m4-success.txt,thought_correct,model_correct
_explain,f133dc75-46c3-4bce-a5b2-25b111e0aba9,54366-h-close-success.txt,thought_correct,model_correct
_explain,baf667e9-edc5-48ea-8e4f-c3061f6b78ff,54721-h-m2-success.txt,thought_correct,model_correct
_explain,baf667e9-edc5-48ea-8e4f-c3061f6b78ff,54775-h-failed.txt,thought_incorrect,model_incorrect
_explain,baf667e9-edc5-48ea-8e4f-c3061f6b78ff,104979-success.txt,thought_correct,model_correct
_explain,baf667e9-edc5-48ea-8e4f-c3061f6b78ff,104993-success.txt,thought_correct,model_correct
_explain,baf667e9-edc5-48ea-8e4f-c3061f6b78ff,54295-h-m1-success.txt,thought_correct,model_correct
_explain,baf667e9-edc5-48ea-8e4f-c3061f6b78ff,105028-b-m3-success.txt,thought_correct,model_correct
_explain,baf667e9-edc5-48ea-8e4f-c3061f6b78ff,54200-h-m4-success.txt,thought_correct,model_correct
_explain,baf667e9-edc5-48ea-8e4f-c3061f6b78ff,54366-h-close-success.txt,thought_correct,model_correct
_explain,baf667e9-edc5-48ea-8e4f-c3061f6b78ff,105057-b-close-failed.txt,thought_incorrect,model_incorrect
_explain,baf667e9-edc5-48ea-8e4f-c3061f6b78ff,104944-b-failed.txt,thought_incorrect,model_incorrect
_explain,225ad246-3aa5-4e8e-87a3-8e79de120b2c,54721-h-m2-success.txt,thought_correct,model_correct
_explain,225ad246-3aa5-4e8e-87a3-8e79de120b2c,104944-b-failed.txt,thought_unsure,model_incorrect
_explain,225ad246-3aa5-4e8e-87a3-8e79de120b2c,104979-success.txt,thought_correct,model_correct
_explain,225ad246-3aa5-4e8e-87a3-8e79de120b2c,104993-success.txt,thought_correct,model_correct
_explain,225ad246-3aa5-4e8e-87a3-8e79de120b2c,54295-h-m1-success.txt,thought_correct,model_correct
_explain,225ad246-3aa5-4e8e-87a3-8e79de120b2c,105057-b-close-failed.txt,thought_unsure,model_incorrect
_explain,225ad246-3aa5-4e8e-87a3-8e79de120b2c,105028-b-m3-success.txt,thought_correct,model_correct
_explain,225ad246-3aa5-4e8e-87a3-8e79de120b2c,54200-h-m4-success.txt,thought_correct,model_correct
_explain,225ad246-3aa5-4e8e-87a3-8e79de120b2c,54366-h-close-success.txt,thought_correct,model_correct
_explain,225ad246-3aa5-4e8e-87a3-8e79de120b2c,54775-h-failed.txt,thought_unsure,model_incorrect
_explain,63b358b8-58f8-47d9-a49e-df83246fcf8a,54721-h-m2-success.txt,thought_correct,model_correct
_explain,63b358b8-58f8-47d9-a49e-df83246fcf8a,104944-b-failed.txt,thought_unsure,model_incorrect
_explain,63b358b8-58f8-47d9-a49e-df83246fcf8a,104979-success.txt,thought_correct,model_correct
_explain,63b358b8-58f8-47d9-a49e-df83246fcf8a,104993-success.txt,thought_correct,model_correct
_explain,63b358b8-58f8-47d9-a49e-df83246fcf8a,54295-h-m1-success.txt,thought_correct,model_correct
_explain,63b358b8-58f8-47d9-a49e-df83246fcf8a,105028-b-m3-success.txt,thought_correct,model_correct
_explain,63b358b8-58f8-47d9-a49e-df83246fcf8a,54200-h-m4-success.txt,thought_correct,model_correct
_explain,63b358b8-58f8-47d9-a49e-df83246fcf8a,54366-h-close-success.txt,thought_correct,model_correct
_explain,63b358b8-58f8-47d9-a49e-df83246fcf8a,105057-b-close-failed.txt,thought_incorrect,model_incorrect
_explain,63b358b8-58f8-47d9-a49e-df83246fcf8a,54775-h-failed.txt,thought_unsure,model_incorrect
_explain,06e3ecb8-8707-4a61-a93a-f9216079c148,54721-h-m2-success.txt,thought_correct,model_correct
_explain,06e3ecb8-8707-4a61-a93a-f9216079c148,104944-b-failed.txt,thought_unsure,model_incorrect
_explain,06e3ecb8-8707-4a61-a93a-f9216079c148,104979-success.txt,thought_correct,model_correct
_explain,06e3ecb8-8707-4a61-a93a-f9216079c148,104993-success.txt,thought_correct,model_correct
_explain,06e3ecb8-8707-4a61-a93a-f9216079c148,54295-h-m1-success.txt,thought_correct,model_correct
_explain,06e3ecb8-8707-4a61-a93a-f9216079c148,105028-b-m3-success.txt,thought_correct,model_correct
_explain,06e3ecb8-8707-4a61-a93a-f9216079c148,54200-h-m4-success.txt,thought_correct,model_correct
_explain,06e3ecb8-8707-4a61-a93a-f9216079c148,54366-h-close-success.txt,thought_correct,model_correct
_explain,06e3ecb8-8707-4a61-a93a-f9216079c148,105057-b-close-failed.txt,thought_incorrect,model_incorrect
_explain,06e3ecb8-8707-4a61-a93a-f9216079c148,54775-h-failed.txt,thought_unsure,model_incorrect
_explain,24bd80cd-729c-478b-8192-cc71080b5f47,54721-h-m2-success.txt,thought_correct,model_correct
_explain,24bd80cd-729c-478b-8192-cc71080b5f47,104944-b-failed.txt,thought_unsure,model_incorrect
_explain,24bd80cd-729c-478b-8192-cc71080b5f47,104979-success.txt,thought_correct,model_correct
_explain,24bd80cd-729c-478b-8192-cc71080b5f47,104993-success.txt,thought_correct,model_correct
_explain,24bd80cd-729c-478b-8192-cc71080b5f47,54295-h-m1-success.txt,thought_correct,model_correct
_explain,24bd80cd-729c-478b-8192-cc71080b5f47,105028-b-m3-success.txt,thought_correct,model_correct
_explain,24bd80cd-729c-478b-8192-cc71080b5f47,54200-h-m4-success.txt,thought_correct,model_correct
_explain,24bd80cd-729c-478b-8192-cc71080b5f47,54366-h-close-success.txt,thought_correct,model_correct
_explain,24bd80cd-729c-478b-8192-cc71080b5f47,105057-b-close-failed.txt,thought_incorrect,model_incorrect
_explain,24bd80cd-729c-478b-8192-cc71080b5f47,54775-h-failed.txt,thought_unsure,model_incorrect
_explain,bae5e601-d75a-4344-97f2-1148f1d5dc37,54721-h-m2-success.txt,thought_correct,model_correct
_explain,bae5e601-d75a-4344-97f2-1148f1d5dc37,104944-b-failed.txt,thought_unsure,model_incorrect
_explain,bae5e601-d75a-4344-97f2-1148f1d5dc37,54775-h-failed.txt,thought_incorrect,model_incorrect
_explain,bae5e601-d75a-4344-97f2-1148f1d5dc37,104979-success.txt,thought_correct,model_correct
_explain,bae5e601-d75a-4344-97f2-1148f1d5dc37,104993-success.txt,thought_correct,model_correct
_explain,bae5e601-d75a-4344-97f2-1148f1d5dc37,54295-h-m1-success.txt,thought_correct,model_correct
_explain,bae5e601-d75a-4344-97f2-1148f1d5dc37,105028-b-m3-success.txt,thought_correct,model_correct
_explain,bae5e601-d75a-4344-97f2-1148f1d5dc37,54200-h-m4-success.txt,thought_correct,model_correct
_explain,bae5e601-d75a-4344-97f2-1148f1d5dc37,54366-h-close-success.txt,thought_correct,model_correct
_explain,bae5e601-d75a-4344-97f2-1148f1d5dc37,105057-b-close-failed.txt,thought_incorrect,model_incorrect
_explain,00b76ff2-d0b9-418c-bee1-5ca45e01db5e,104944-b-failed.txt,thought_correct,model_incorrect
_explain,00b76ff2-d0b9-418c-bee1-5ca45e01db5e,54721-h-m2-success.txt,thought_correct,model_correct
_explain,00b76ff2-d0b9-418c-bee1-5ca45e01db5e,54775-h-failed.txt,thought_incorrect,model_incorrect
_explain,00b76ff2-d0b9-418c-bee1-5ca45e01db5e,104979-success.txt,thought_correct,model_correct
_explain,00b76ff2-d0b9-418c-bee1-5ca45e01db5e,104993-success.txt,thought_correct,model_correct
_explain,00b76ff2-d0b9-418c-bee1-5ca45e01db5e,54295-h-m1-success.txt,thought_correct,model_correct
_explain,00b76ff2-d0b9-418c-bee1-5ca45e01db5e,105028-b-m3-success.txt,thought_correct,model_correct
_explain,00b76ff2-d0b9-418c-bee1-5ca45e01db5e,54200-h-m4-success.txt,thought_correct,model_correct
_explain,00b76ff2-d0b9-418c-bee1-5ca45e01db5e,54366-h-close-success.txt,thought_correct,model_correct
_explain,00b76ff2-d0b9-418c-bee1-5ca45e01db5e,105057-b-close-failed.txt,thought_incorrect,model_incorrect
_explain,4109791f-e6db-412b-93dd-b6f87139db21,54721-h-m2-success.txt,thought_correct,model_correct
_explain,4109791f-e6db-412b-93dd-b6f87139db21,104944-b-failed.txt,thought_unsure,model_incorrect
_explain,4109791f-e6db-412b-93dd-b6f87139db21,54775-h-failed.txt,thought_incorrect,model_incorrect
_explain,4109791f-e6db-412b-93dd-b6f87139db21,104979-success.txt,thought_correct,model_correct
_explain,4109791f-e6db-412b-93dd-b6f87139db21,104993-success.txt,thought_correct,model_correct
_explain,4109791f-e6db-412b-93dd-b6f87139db21,54295-h-m1-success.txt,thought_correct,model_correct
_explain,4109791f-e6db-412b-93dd-b6f87139db21,105028-b-m3-success.txt,thought_correct,model_correct
_explain,4109791f-e6db-412b-93dd-b6f87139db21,54200-h-m4-success.txt,thought_correct,model_correct
_explain,4109791f-e6db-412b-93dd-b6f87139db21,54366-h-close-success.txt,thought_correct,model_correct
_explain,4109791f-e6db-412b-93dd-b6f87139db21,105057-b-close-failed.txt,thought_incorrect,model_incorrect
