_instance_explain,c15f9d29-4cbe-445d-90b5-e3c75ee99bef,104944-b-failed.txt,model_incorrect,fdbk_correct,thought_correct
_instance_explain,c15f9d29-4cbe-445d-90b5-e3c75ee99bef,54721-h-m2-success.txt,model_correct,fdbk_correct,thought_correct
_instance_explain,c15f9d29-4cbe-445d-90b5-e3c75ee99bef,54775-h-failed.txt,model_incorrect,fdbk_incorrect,thought_incorrect
_instance_explain,c15f9d29-4cbe-445d-90b5-e3c75ee99bef,104979-success.txt,model_correct,fdbk_correct,thought_correct
_instance_explain,c15f9d29-4cbe-445d-90b5-e3c75ee99bef,104993-success.txt,model_correct,fdbk_correct,thought_correct
_instance_explain,c15f9d29-4cbe-445d-90b5-e3c75ee99bef,54295-h-m1-success.txt,model_correct,fdbk_correct,thought_correct
_instance_explain,c15f9d29-4cbe-445d-90b5-e3c75ee99bef,105028-b-m3-success.txt,model_correct,fdbk_correct,thought_correct
_instance_explain,c15f9d29-4cbe-445d-90b5-e3c75ee99bef,54200-h-m4-success.txt,model_correct,fdbk_correct,thought_correct
_instance_explain,c15f9d29-4cbe-445d-90b5-e3c75ee99bef,54366-h-close-success.txt,model_correct,fdbk_correct,thought_correct
_instance_explain,c15f9d29-4cbe-445d-90b5-e3c75ee99bef,105057-b-close-failed.txt,model_incorrect,fdbk_incorrect,thought_incorrect
_instance_explain,53be5cb8-2b4f-48ae-bb07-80f97c36551a,54721-h-m2-success.txt,model_correct,fdbk_correct,thought_correct
_instance_explain,53be5cb8-2b4f-48ae-bb07-80f97c36551a,104944-b-failed.txt,model_incorrect,fdbk_incorrect,thought_unsure
_instance_explain,53be5cb8-2b4f-48ae-bb07-80f97c36551a,54775-h-failed.txt,model_incorrect,fdbk_incorrect,thought_incorrect
_instance_explain,53be5cb8-2b4f-48ae-bb07-80f97c36551a,104979-success.txt,model_correct,fdbk_correct,thought_correct
_instance_explain,53be5cb8-2b4f-48ae-bb07-80f97c36551a,104993-success.txt,model_correct,fdbk_correct,thought_correct
_instance_explain,53be5cb8-2b4f-48ae-bb07-80f97c36551a,54295-h-m1-success.txt,model_correct,fdbk_correct,thought_correct
_instance_explain,53be5cb8-2b4f-48ae-bb07-80f97c36551a,105028-b-m3-success.txt,model_correct,fdbk_correct,thought_correct
_instance_explain,53be5cb8-2b4f-48ae-bb07-80f97c36551a,54200-h-m4-success.txt,model_correct,fdbk_correct,thought_correct
_instance_explain,53be5cb8-2b4f-48ae-bb07-80f97c36551a,105057-b-close-failed.txt,model_incorrect,fdbk_correct,thought_unsure
_instance_explain,53be5cb8-2b4f-48ae-bb07-80f97c36551a,54366-h-close-success.txt,model_correct,fdbk_correct,thought_correct
_instance_explain,f568326d-78c6-4b81-ae90-a484da879d2b,54721-h-m2-success.txt,model_correct,fdbk_correct,thought_correct
_instance_explain,f568326d-78c6-4b81-ae90-a484da879d2b,104944-b-failed.txt,model_incorrect,fdbk_incorrect,thought_unsure
_instance_explain,f568326d-78c6-4b81-ae90-a484da879d2b,104979-success.txt,model_correct,fdbk_correct,thought_correct
_instance_explain,f568326d-78c6-4b81-ae90-a484da879d2b,54775-h-failed.txt,model_incorrect,fdbk_correct,thought_correct
_instance_explain,f568326d-78c6-4b81-ae90-a484da879d2b,104993-success.txt,model_correct,fdbk_correct,thought_correct
_instance_explain,f568326d-78c6-4b81-ae90-a484da879d2b,54295-h-m1-success.txt,model_correct,fdbk_correct,thought_correct
_instance_explain,f568326d-78c6-4b81-ae90-a484da879d2b,105028-b-m3-success.txt,model_correct,fdbk_correct,thought_correct
_instance_explain,f568326d-78c6-4b81-ae90-a484da879d2b,54200-h-m4-success.txt,model_correct,fdbk_correct,thought_correct
_instance_explain,f568326d-78c6-4b81-ae90-a484da879d2b,54366-h-close-success.txt,model_correct,fdbk_correct,thought_correct
_instance_explain,f568326d-78c6-4b81-ae90-a484da879d2b,105057-b-close-failed.txt,model_incorrect,fdbk_incorrect,thought_incorrect
_instance_explain,1e82e91c-77df-412d-b581-176fb52ced8d,104944-b-failed.txt,model_incorrect,fdbk_incorrect,thought_unsure
_instance_explain,1e82e91c-77df-412d-b581-176fb52ced8d,54775-h-failed.txt,model_incorrect,fdbk_incorrect,thought_incorrect
_instance_explain,1e82e91c-77df-412d-b581-176fb52ced8d,104979-success.txt,model_correct,fdbk_correct,thought_correct
_instance_explain,1e82e91c-77df-412d-b581-176fb52ced8d,104993-success.txt,model_correct,fdbk_correct,thought_correct
_instance_explain,1e82e91c-77df-412d-b581-176fb52ced8d,54295-h-m1-success.txt,model_correct,fdbk_correct,thought_correct
_instance_explain,1e82e91c-77df-412d-b581-176fb52ced8d,105028-b-m3-success.txt,model_correct,fdbk_correct,thought_correct
_instance_explain,1e82e91c-77df-412d-b581-176fb52ced8d,54721-h-m2-success.txt,model_correct,fdbk_incorrect,thought_incorrect
_instance_explain,1e82e91c-77df-412d-b581-176fb52ced8d,54200-h-m4-success.txt,model_correct,fdbk_correct,thought_correct
_instance_explain,1e82e91c-77df-412d-b581-176fb52ced8d,54366-h-close-success.txt,model_correct,fdbk_correct,thought_correct
_instance_explain,1e82e91c-77df-412d-b581-176fb52ced8d,105057-b-close-failed.txt,model_incorrect,fdbk_incorrect,thought_incorrect
_instance_explain,8bd31b2e-3a12-4dcc-8692-f4a535bfcc15,54721-h-m2-success.txt,model_correct,fdbk_correct,thought_correct
_instance_explain,8bd31b2e-3a12-4dcc-8692-f4a535bfcc15,104944-b-failed.txt,model_incorrect,fdbk_incorrect,thought_unsure
_instance_explain,8bd31b2e-3a12-4dcc-8692-f4a535bfcc15,54775-h-failed.txt,model_incorrect,fdbk_incorrect,thought_incorrect
_instance_explain,8bd31b2e-3a12-4dcc-8692-f4a535bfcc15,104979-success.txt,model_correct,fdbk_correct,thought_correct
_instance_explain,8bd31b2e-3a12-4dcc-8692-f4a535bfcc15,104993-success.txt,model_correct,fdbk_correct,thought_correct
_instance_explain,8bd31b2e-3a12-4dcc-8692-f4a535bfcc15,54295-h-m1-success.txt,model_correct,fdbk_correct,thought_correct
_instance_explain,8bd31b2e-3a12-4dcc-8692-f4a535bfcc15,105028-b-m3-success.txt,model_correct,fdbk_correct,thought_correct
_instance_explain,8bd31b2e-3a12-4dcc-8692-f4a535bfcc15,54200-h-m4-success.txt,model_correct,fdbk_correct,thought_correct
_instance_explain,8bd31b2e-3a12-4dcc-8692-f4a535bfcc15,54366-h-close-success.txt,model_correct,fdbk_correct,thought_correct
_instance_explain,8bd31b2e-3a12-4dcc-8692-f4a535bfcc15,105057-b-close-failed.txt,model_incorrect,fdbk_incorrect,thought_incorrect
_instance_explain,4a628af3-d31e-47c4-ba88-dcf87b8fe53c,54721-h-m2-success.txt,model_correct,fdbk_correct,thought_correct
_instance_explain,4a628af3-d31e-47c4-ba88-dcf87b8fe53c,104944-b-failed.txt,model_incorrect,fdbk_correct,thought_unsure
_instance_explain,4a628af3-d31e-47c4-ba88-dcf87b8fe53c,54775-h-failed.txt,model_incorrect,fdbk_incorrect,thought_incorrect
_instance_explain,4a628af3-d31e-47c4-ba88-dcf87b8fe53c,104979-success.txt,model_correct,fdbk_correct,thought_correct
_instance_explain,4a628af3-d31e-47c4-ba88-dcf87b8fe53c,104993-success.txt,model_correct,fdbk_correct,thought_correct
_instance_explain,4a628af3-d31e-47c4-ba88-dcf87b8fe53c,54295-h-m1-success.txt,model_correct,fdbk_correct,thought_correct
_instance_explain,4a628af3-d31e-47c4-ba88-dcf87b8fe53c,105028-b-m3-success.txt,model_correct,fdbk_correct,thought_correct
_instance_explain,4a628af3-d31e-47c4-ba88-dcf87b8fe53c,54200-h-m4-success.txt,model_correct,fdbk_correct,thought_correct
_instance_explain,4a628af3-d31e-47c4-ba88-dcf87b8fe53c,54366-h-close-success.txt,model_correct,fdbk_correct,thought_correct
_instance_explain,4a628af3-d31e-47c4-ba88-dcf87b8fe53c,105057-b-close-failed.txt,model_incorrect,fdbk_incorrect,thought_incorrect
_instance_explain,3fe3b475-e204-42ef-8222-3b2eca30419c,54721-h-m2-success.txt,model_correct,fdbk_correct,thought_correct
_instance_explain,3fe3b475-e204-42ef-8222-3b2eca30419c,104979-success.txt,model_correct,fdbk_correct,thought_correct
_instance_explain,3fe3b475-e204-42ef-8222-3b2eca30419c,104993-success.txt,model_correct,fdbk_correct,thought_correct
_instance_explain,3fe3b475-e204-42ef-8222-3b2eca30419c,54295-h-m1-success.txt,model_correct,fdbk_correct,thought_correct
_instance_explain,3fe3b475-e204-42ef-8222-3b2eca30419c,105028-b-m3-success.txt,model_correct,fdbk_correct,thought_correct
_instance_explain,3fe3b475-e204-42ef-8222-3b2eca30419c,54200-h-m4-success.txt,model_correct,fdbk_correct,thought_correct
_instance_explain,3fe3b475-e204-42ef-8222-3b2eca30419c,54366-h-close-success.txt,model_correct,fdbk_correct,thought_correct
_instance_explain,3fe3b475-e204-42ef-8222-3b2eca30419c,105057-b-close-failed.txt,model_incorrect,fdbk_incorrect,thought_incorrect
_instance_explain,3fe3b475-e204-42ef-8222-3b2eca30419c,104944-b-failed.txt,model_incorrect,fdbk_incorrect,thought_incorrect
_instance_explain,3fe3b475-e204-42ef-8222-3b2eca30419c,54775-h-failed.txt,model_incorrect,fdbk_correct,thought_unsure
_instance_explain,2672b578-f122-47ed-80fd-360354c360ba,104944-b-failed.txt,model_incorrect,fdbk_correct,thought_correct
_instance_explain,2672b578-f122-47ed-80fd-360354c360ba,54721-h-m2-success.txt,model_correct,fdbk_correct,thought_correct
_instance_explain,2672b578-f122-47ed-80fd-360354c360ba,104979-success.txt,model_correct,fdbk_correct,thought_correct
_instance_explain,2672b578-f122-47ed-80fd-360354c360ba,54775-h-failed.txt,model_incorrect,fdbk_correct,thought_correct
_instance_explain,2672b578-f122-47ed-80fd-360354c360ba,104993-success.txt,model_correct,fdbk_correct,thought_correct
_instance_explain,2672b578-f122-47ed-80fd-360354c360ba,54295-h-m1-success.txt,model_correct,fdbk_correct,thought_correct
_instance_explain,2672b578-f122-47ed-80fd-360354c360ba,105028-b-m3-success.txt,model_correct,fdbk_correct,thought_correct
_instance_explain,2672b578-f122-47ed-80fd-360354c360ba,54200-h-m4-success.txt,model_correct,fdbk_correct,thought_correct
_instance_explain,2672b578-f122-47ed-80fd-360354c360ba,54366-h-close-success.txt,model_correct,fdbk_correct,thought_correct
_instance_explain,2672b578-f122-47ed-80fd-360354c360ba,105057-b-close-failed.txt,model_incorrect,fdbk_incorrect,thought_incorrect
_instance_explain,4203dda1-6deb-46de-92f4-4e5cd852ed38,54721-h-m2-success.txt,model_correct,fdbk_correct,thought_correct
_instance_explain,4203dda1-6deb-46de-92f4-4e5cd852ed38,104944-b-failed.txt,model_incorrect,fdbk_correct,thought_unsure
_instance_explain,4203dda1-6deb-46de-92f4-4e5cd852ed38,54775-h-failed.txt,model_incorrect,fdbk_incorrect,thought_incorrect
_instance_explain,4203dda1-6deb-46de-92f4-4e5cd852ed38,104979-success.txt,model_correct,fdbk_correct,thought_correct
_instance_explain,4203dda1-6deb-46de-92f4-4e5cd852ed38,104993-success.txt,model_correct,fdbk_correct,thought_correct
_instance_explain,4203dda1-6deb-46de-92f4-4e5cd852ed38,54295-h-m1-success.txt,model_correct,fdbk_correct,thought_correct
_instance_explain,4203dda1-6deb-46de-92f4-4e5cd852ed38,54200-h-m4-success.txt,model_correct,fdbk_correct,thought_correct
_instance_explain,4203dda1-6deb-46de-92f4-4e5cd852ed38,105028-b-m3-success.txt,model_correct,fdbk_correct,thought_correct
_instance_explain,4203dda1-6deb-46de-92f4-4e5cd852ed38,54366-h-close-success.txt,model_correct,fdbk_correct,thought_correct
_instance_explain,4203dda1-6deb-46de-92f4-4e5cd852ed38,105057-b-close-failed.txt,model_incorrect,fdbk_incorrect,thought_incorrect
_instance_explain,14c5d42f-35d5-43ad-8526-a3b81fb5c259,54721-h-m2-success.txt,model_correct,fdbk_correct,thought_correct
_instance_explain,14c5d42f-35d5-43ad-8526-a3b81fb5c259,104979-success.txt,model_correct,fdbk_correct,thought_correct
_instance_explain,14c5d42f-35d5-43ad-8526-a3b81fb5c259,104993-success.txt,model_correct,fdbk_correct,thought_correct
_instance_explain,14c5d42f-35d5-43ad-8526-a3b81fb5c259,54295-h-m1-success.txt,model_correct,fdbk_correct,thought_correct
_instance_explain,14c5d42f-35d5-43ad-8526-a3b81fb5c259,105028-b-m3-success.txt,model_correct,fdbk_correct,thought_correct
_instance_explain,14c5d42f-35d5-43ad-8526-a3b81fb5c259,54200-h-m4-success.txt,model_correct,fdbk_correct,thought_correct
_instance_explain,14c5d42f-35d5-43ad-8526-a3b81fb5c259,54366-h-close-success.txt,model_correct,fdbk_correct,thought_correct
_instance_explain,14c5d42f-35d5-43ad-8526-a3b81fb5c259,105057-b-close-failed.txt,model_incorrect,fdbk_incorrect,thought_incorrect
_instance_explain,14c5d42f-35d5-43ad-8526-a3b81fb5c259,104944-b-failed.txt,model_incorrect,fdbk_incorrect,thought_incorrect
_instance_explain,14c5d42f-35d5-43ad-8526-a3b81fb5c259,54775-h-failed.txt,model_incorrect,fdbk_incorrect,thought_unsure
_instance_explain,eb1991b6-bf89-4f2c-b841-4776d7ce6a2c,54721-h-m2-success.txt,model_correct,fdbk_correct,thought_correct
_instance_explain,eb1991b6-bf89-4f2c-b841-4776d7ce6a2c,104944-b-failed.txt,model_incorrect,fdbk_correct,thought_unsure
_instance_explain,eb1991b6-bf89-4f2c-b841-4776d7ce6a2c,54775-h-failed.txt,model_incorrect,fdbk_incorrect,thought_incorrect
_instance_explain,eb1991b6-bf89-4f2c-b841-4776d7ce6a2c,104979-success.txt,model_correct,fdbk_correct,thought_correct
_instance_explain,eb1991b6-bf89-4f2c-b841-4776d7ce6a2c,104993-success.txt,model_correct,fdbk_correct,thought_correct
_instance_explain,eb1991b6-bf89-4f2c-b841-4776d7ce6a2c,54295-h-m1-success.txt,model_correct,fdbk_correct,thought_correct
_instance_explain,eb1991b6-bf89-4f2c-b841-4776d7ce6a2c,105028-b-m3-success.txt,model_correct,fdbk_correct,thought_correct
_instance_explain,eb1991b6-bf89-4f2c-b841-4776d7ce6a2c,54200-h-m4-success.txt,model_correct,fdbk_correct,thought_correct
_instance_explain,eb1991b6-bf89-4f2c-b841-4776d7ce6a2c,54366-h-close-success.txt,model_correct,fdbk_correct,thought_correct
_instance_explain,eb1991b6-bf89-4f2c-b841-4776d7ce6a2c,105057-b-close-failed.txt,model_incorrect,fdbk_incorrect,thought_incorrect
_instance_explain,fb675380-229d-4523-af24-3338613de1bc,54721-h-m2-success.txt,model_correct,fdbk_correct,thought_correct
_instance_explain,fb675380-229d-4523-af24-3338613de1bc,104944-b-failed.txt,model_incorrect,fdbk_incorrect,thought_unsure
_instance_explain,fb675380-229d-4523-af24-3338613de1bc,54775-h-failed.txt,model_incorrect,fdbk_incorrect,thought_incorrect
_instance_explain,fb675380-229d-4523-af24-3338613de1bc,104979-success.txt,model_correct,fdbk_correct,thought_correct
_instance_explain,fb675380-229d-4523-af24-3338613de1bc,104993-success.txt,model_correct,fdbk_correct,thought_correct
_instance_explain,fb675380-229d-4523-af24-3338613de1bc,54295-h-m1-success.txt,model_correct,fdbk_correct,thought_correct
_instance_explain,fb675380-229d-4523-af24-3338613de1bc,105028-b-m3-success.txt,model_correct,fdbk_correct,thought_correct
_instance_explain,fb675380-229d-4523-af24-3338613de1bc,54200-h-m4-success.txt,model_correct,fdbk_correct,thought_correct
_instance_explain,fb675380-229d-4523-af24-3338613de1bc,54366-h-close-success.txt,model_correct,fdbk_correct,thought_correct
_instance_explain,fb675380-229d-4523-af24-3338613de1bc,105057-b-close-failed.txt,model_incorrect,fdbk_incorrect,thought_incorrect
_instance_explain,7a3b32bb-0b9b-42e3-8225-a1af3681db6e,54721-h-m2-success.txt,model_correct,fdbk_correct,thought_correct
_instance_explain,7a3b32bb-0b9b-42e3-8225-a1af3681db6e,104944-b-failed.txt,model_incorrect,fdbk_incorrect,thought_unsure
_instance_explain,7a3b32bb-0b9b-42e3-8225-a1af3681db6e,104979-success.txt,model_correct,fdbk_correct,thought_correct
_instance_explain,7a3b32bb-0b9b-42e3-8225-a1af3681db6e,54775-h-failed.txt,model_incorrect,fdbk_incorrect,thought_correct
_instance_explain,7a3b32bb-0b9b-42e3-8225-a1af3681db6e,104993-success.txt,model_correct,fdbk_correct,thought_correct
_instance_explain,7a3b32bb-0b9b-42e3-8225-a1af3681db6e,54295-h-m1-success.txt,model_correct,fdbk_correct,thought_correct
_instance_explain,7a3b32bb-0b9b-42e3-8225-a1af3681db6e,105028-b-m3-success.txt,model_correct,fdbk_correct,thought_correct
_instance_explain,7a3b32bb-0b9b-42e3-8225-a1af3681db6e,54200-h-m4-success.txt,model_correct,fdbk_correct,thought_correct
_instance_explain,7a3b32bb-0b9b-42e3-8225-a1af3681db6e,54366-h-close-success.txt,model_correct,fdbk_correct,thought_correct
_instance_explain,7a3b32bb-0b9b-42e3-8225-a1af3681db6e,105057-b-close-failed.txt,model_incorrect,fdbk_incorrect,thought_incorrect
_instance_explain,135287c8-0607-47d9-831c-86b886b95713,54721-h-m2-success.txt,model_correct,fdbk_correct,thought_correct
_instance_explain,135287c8-0607-47d9-831c-86b886b95713,104979-success.txt,model_correct,fdbk_correct,thought_correct
_instance_explain,135287c8-0607-47d9-831c-86b886b95713,104993-success.txt,model_correct,fdbk_correct,thought_correct
_instance_explain,135287c8-0607-47d9-831c-86b886b95713,54295-h-m1-success.txt,model_correct,fdbk_correct,thought_correct
_instance_explain,135287c8-0607-47d9-831c-86b886b95713,105028-b-m3-success.txt,model_correct,fdbk_correct,thought_correct
_instance_explain,135287c8-0607-47d9-831c-86b886b95713,54200-h-m4-success.txt,model_correct,fdbk_correct,thought_correct
_instance_explain,135287c8-0607-47d9-831c-86b886b95713,54366-h-close-success.txt,model_correct,fdbk_correct,thought_correct
_instance_explain,135287c8-0607-47d9-831c-86b886b95713,105057-b-close-failed.txt,model_incorrect,fdbk_incorrect,thought_incorrect
_instance_explain,135287c8-0607-47d9-831c-86b886b95713,104944-b-failed.txt,model_incorrect,fdbk_incorrect,thought_incorrect
_instance_explain,135287c8-0607-47d9-831c-86b886b95713,54775-h-failed.txt,model_incorrect,fdbk_incorrect,thought_unsure
_instance_explain,178fbee1-9bde-418f-ada7-d90871c99d2c,105057-b-close-failed.txt,model_incorrect,fdbk_incorrect,thought_correct
_instance_explain,178fbee1-9bde-418f-ada7-d90871c99d2c,54721-h-m2-success.txt,model_correct,fdbk_correct,thought_correct
_instance_explain,178fbee1-9bde-418f-ada7-d90871c99d2c,104944-b-failed.txt,model_incorrect,fdbk_correct,thought_unsure
_instance_explain,178fbee1-9bde-418f-ada7-d90871c99d2c,54775-h-failed.txt,model_incorrect,fdbk_incorrect,thought_incorrect
_instance_explain,178fbee1-9bde-418f-ada7-d90871c99d2c,104979-success.txt,model_correct,fdbk_correct,thought_correct
_instance_explain,178fbee1-9bde-418f-ada7-d90871c99d2c,104993-success.txt,model_correct,fdbk_correct,thought_correct
_instance_explain,178fbee1-9bde-418f-ada7-d90871c99d2c,54295-h-m1-success.txt,model_correct,fdbk_correct,thought_correct
_instance_explain,178fbee1-9bde-418f-ada7-d90871c99d2c,105028-b-m3-success.txt,model_correct,fdbk_correct,thought_correct
_instance_explain,178fbee1-9bde-418f-ada7-d90871c99d2c,54200-h-m4-success.txt,model_correct,fdbk_correct,thought_correct
_instance_explain,178fbee1-9bde-418f-ada7-d90871c99d2c,54366-h-close-success.txt,model_correct,fdbk_correct,thought_correct
_instance_explain,7e9bb330-59c2-42e5-803a-a6b9d70f9be4,54721-h-m2-success.txt,model_correct,fdbk_correct,thought_correct
_instance_explain,7e9bb330-59c2-42e5-803a-a6b9d70f9be4,104979-success.txt,model_correct,fdbk_correct,thought_correct
_instance_explain,7e9bb330-59c2-42e5-803a-a6b9d70f9be4,104993-success.txt,model_correct,fdbk_correct,thought_correct
_instance_explain,7e9bb330-59c2-42e5-803a-a6b9d70f9be4,54295-h-m1-success.txt,model_correct,fdbk_correct,thought_correct
_instance_explain,7e9bb330-59c2-42e5-803a-a6b9d70f9be4,105028-b-m3-success.txt,model_correct,fdbk_correct,thought_correct
_instance_explain,7e9bb330-59c2-42e5-803a-a6b9d70f9be4,54200-h-m4-success.txt,model_correct,fdbk_correct,thought_correct
_instance_explain,7e9bb330-59c2-42e5-803a-a6b9d70f9be4,54366-h-close-success.txt,model_correct,fdbk_correct,thought_correct
_instance_explain,7e9bb330-59c2-42e5-803a-a6b9d70f9be4,105057-b-close-failed.txt,model_incorrect,fdbk_incorrect,thought_incorrect
_instance_explain,7e9bb330-59c2-42e5-803a-a6b9d70f9be4,104944-b-failed.txt,model_incorrect,fdbk_incorrect,thought_incorrect
_instance_explain,7e9bb330-59c2-42e5-803a-a6b9d70f9be4,54775-h-failed.txt,model_incorrect,fdbk_correct,thought_unsure
_instance_explain,266a47e0-cee1-43c3-a0a1-92efb8c66411,54721-h-m2-success.txt,model_correct,fdbk_correct,thought_correct
_instance_explain,266a47e0-cee1-43c3-a0a1-92efb8c66411,104944-b-failed.txt,model_incorrect,fdbk_incorrect,thought_unsure
_instance_explain,266a47e0-cee1-43c3-a0a1-92efb8c66411,54775-h-failed.txt,model_incorrect,fdbk_incorrect,thought_incorrect
_instance_explain,266a47e0-cee1-43c3-a0a1-92efb8c66411,104979-success.txt,model_correct,fdbk_correct,thought_correct
_instance_explain,266a47e0-cee1-43c3-a0a1-92efb8c66411,104993-success.txt,model_correct,fdbk_correct,thought_correct
_instance_explain,266a47e0-cee1-43c3-a0a1-92efb8c66411,54295-h-m1-success.txt,model_correct,fdbk_correct,thought_correct
_instance_explain,266a47e0-cee1-43c3-a0a1-92efb8c66411,54200-h-m4-success.txt,model_correct,fdbk_correct,thought_correct
_instance_explain,266a47e0-cee1-43c3-a0a1-92efb8c66411,105028-b-m3-success.txt,model_correct,fdbk_correct,thought_correct
_instance_explain,266a47e0-cee1-43c3-a0a1-92efb8c66411,54366-h-close-success.txt,model_correct,fdbk_correct,thought_correct
_instance_explain,266a47e0-cee1-43c3-a0a1-92efb8c66411,105057-b-close-failed.txt,model_incorrect,fdbk_incorrect,thought_incorrect
_instance_explain,adad6a9c-8fed-42b5-9312-b162ac1d883f,54721-h-m2-success.txt,model_correct,fdbk_correct,thought_correct
_instance_explain,adad6a9c-8fed-42b5-9312-b162ac1d883f,104993-success.txt,model_correct,fdbk_incorrect,thought_incorrect
_instance_explain,adad6a9c-8fed-42b5-9312-b162ac1d883f,104944-b-failed.txt,model_incorrect,fdbk_incorrect,thought_unsure
_instance_explain,adad6a9c-8fed-42b5-9312-b162ac1d883f,54775-h-failed.txt,model_incorrect,fdbk_incorrect,thought_incorrect
_instance_explain,adad6a9c-8fed-42b5-9312-b162ac1d883f,104979-success.txt,model_correct,fdbk_correct,thought_correct
_instance_explain,adad6a9c-8fed-42b5-9312-b162ac1d883f,54295-h-m1-success.txt,model_correct,fdbk_correct,thought_correct
_instance_explain,adad6a9c-8fed-42b5-9312-b162ac1d883f,105028-b-m3-success.txt,model_correct,fdbk_correct,thought_correct
_instance_explain,adad6a9c-8fed-42b5-9312-b162ac1d883f,54200-h-m4-success.txt,model_correct,fdbk_correct,thought_correct
_instance_explain,adad6a9c-8fed-42b5-9312-b162ac1d883f,54366-h-close-success.txt,model_correct,fdbk_correct,thought_correct
_instance_explain,adad6a9c-8fed-42b5-9312-b162ac1d883f,105057-b-close-failed.txt,model_incorrect,fdbk_incorrect,thought_incorrect
_instance_explain,c279ff22-4d54-43c8-98cc-655630c4a37e,54721-h-m2-success.txt,model_correct,fdbk_correct,thought_correct
_instance_explain,c279ff22-4d54-43c8-98cc-655630c4a37e,104944-b-failed.txt,model_incorrect,fdbk_incorrect,thought_unsure
_instance_explain,c279ff22-4d54-43c8-98cc-655630c4a37e,54775-h-failed.txt,model_incorrect,fdbk_incorrect,thought_incorrect
_instance_explain,c279ff22-4d54-43c8-98cc-655630c4a37e,104979-success.txt,model_correct,fdbk_correct,thought_correct
_instance_explain,c279ff22-4d54-43c8-98cc-655630c4a37e,104993-success.txt,model_correct,fdbk_correct,thought_correct
_instance_explain,c279ff22-4d54-43c8-98cc-655630c4a37e,54295-h-m1-success.txt,model_correct,fdbk_correct,thought_correct
_instance_explain,c279ff22-4d54-43c8-98cc-655630c4a37e,105028-b-m3-success.txt,model_correct,fdbk_correct,thought_correct
_instance_explain,c279ff22-4d54-43c8-98cc-655630c4a37e,54200-h-m4-success.txt,model_correct,fdbk_correct,thought_correct
_instance_explain,c279ff22-4d54-43c8-98cc-655630c4a37e,54366-h-close-success.txt,model_correct,fdbk_correct,thought_correct
_instance_explain,c279ff22-4d54-43c8-98cc-655630c4a37e,105057-b-close-failed.txt,model_incorrect,fdbk_incorrect,thought_incorrect
_instance_explain,43c2b37c-5f38-40f7-810e-4b5d093ee89d,54721-h-m2-success.txt,model_correct,fdbk_correct,thought_correct
_instance_explain,43c2b37c-5f38-40f7-810e-4b5d093ee89d,104944-b-failed.txt,model_incorrect,fdbk_incorrect,thought_unsure
_instance_explain,43c2b37c-5f38-40f7-810e-4b5d093ee89d,54775-h-failed.txt,model_incorrect,fdbk_incorrect,thought_incorrect
_instance_explain,43c2b37c-5f38-40f7-810e-4b5d093ee89d,104979-success.txt,model_correct,fdbk_correct,thought_correct
_instance_explain,43c2b37c-5f38-40f7-810e-4b5d093ee89d,104993-success.txt,model_correct,fdbk_correct,thought_correct
_instance_explain,43c2b37c-5f38-40f7-810e-4b5d093ee89d,54295-h-m1-success.txt,model_correct,fdbk_correct,thought_correct
_instance_explain,43c2b37c-5f38-40f7-810e-4b5d093ee89d,105028-b-m3-success.txt,model_correct,fdbk_correct,thought_correct
_instance_explain,43c2b37c-5f38-40f7-810e-4b5d093ee89d,54200-h-m4-success.txt,model_correct,fdbk_correct,thought_correct
_instance_explain,43c2b37c-5f38-40f7-810e-4b5d093ee89d,54366-h-close-success.txt,model_correct,fdbk_correct,thought_correct
_instance_explain,43c2b37c-5f38-40f7-810e-4b5d093ee89d,105057-b-close-failed.txt,model_incorrect,fdbk_incorrect,thought_incorrect
_instance_explain,275bdb8e-d0e2-4cc7-a709-87e820e49b23,54721-h-m2-success.txt,model_correct,fdbk_correct,thought_correct
_instance_explain,275bdb8e-d0e2-4cc7-a709-87e820e49b23,104944-b-failed.txt,model_incorrect,fdbk_incorrect,thought_unsure
_instance_explain,275bdb8e-d0e2-4cc7-a709-87e820e49b23,54775-h-failed.txt,model_incorrect,fdbk_incorrect,thought_incorrect
_instance_explain,275bdb8e-d0e2-4cc7-a709-87e820e49b23,104979-success.txt,model_correct,fdbk_correct,thought_correct
_instance_explain,275bdb8e-d0e2-4cc7-a709-87e820e49b23,104993-success.txt,model_correct,fdbk_correct,thought_correct
_instance_explain,275bdb8e-d0e2-4cc7-a709-87e820e49b23,54295-h-m1-success.txt,model_correct,fdbk_correct,thought_correct
_instance_explain,275bdb8e-d0e2-4cc7-a709-87e820e49b23,105028-b-m3-success.txt,model_correct,fdbk_correct,thought_correct
_instance_explain,275bdb8e-d0e2-4cc7-a709-87e820e49b23,54200-h-m4-success.txt,model_correct,fdbk_correct,thought_correct
_instance_explain,275bdb8e-d0e2-4cc7-a709-87e820e49b23,54366-h-close-success.txt,model_correct,fdbk_correct,thought_correct
_instance_explain,275bdb8e-d0e2-4cc7-a709-87e820e49b23,105057-b-close-failed.txt,model_incorrect,fdbk_incorrect,thought_incorrect
_instance_explain,c8c2e1cf-4f50-4e2f-9cb7-79c3b6b776ae,105057-b-close-failed.txt,model_incorrect,fdbk_incorrect,thought_correct
_instance_explain,c8c2e1cf-4f50-4e2f-9cb7-79c3b6b776ae,54721-h-m2-success.txt,model_correct,fdbk_correct,thought_correct
_instance_explain,c8c2e1cf-4f50-4e2f-9cb7-79c3b6b776ae,104979-success.txt,model_correct,fdbk_correct,thought_correct
_instance_explain,c8c2e1cf-4f50-4e2f-9cb7-79c3b6b776ae,104993-success.txt,model_correct,fdbk_correct,thought_correct
_instance_explain,c8c2e1cf-4f50-4e2f-9cb7-79c3b6b776ae,54295-h-m1-success.txt,model_correct,fdbk_correct,thought_correct
_instance_explain,c8c2e1cf-4f50-4e2f-9cb7-79c3b6b776ae,105028-b-m3-success.txt,model_correct,fdbk_correct,thought_correct
_instance_explain,c8c2e1cf-4f50-4e2f-9cb7-79c3b6b776ae,54200-h-m4-success.txt,model_correct,fdbk_correct,thought_correct
_instance_explain,c8c2e1cf-4f50-4e2f-9cb7-79c3b6b776ae,54366-h-close-success.txt,model_correct,fdbk_correct,thought_correct
_instance_explain,c8c2e1cf-4f50-4e2f-9cb7-79c3b6b776ae,104944-b-failed.txt,model_incorrect,fdbk_incorrect,thought_incorrect
_instance_explain,c8c2e1cf-4f50-4e2f-9cb7-79c3b6b776ae,54775-h-failed.txt,model_incorrect,fdbk_correct,thought_unsure
_instance_explain,2164fe0d-d0a0-4851-a4b2-d162b180031a,54721-h-m2-success.txt,model_correct,fdbk_correct,thought_correct
_instance_explain,2164fe0d-d0a0-4851-a4b2-d162b180031a,104944-b-failed.txt,model_incorrect,fdbk_correct,thought_unsure
_instance_explain,2164fe0d-d0a0-4851-a4b2-d162b180031a,104979-success.txt,model_correct,fdbk_correct,thought_correct
_instance_explain,2164fe0d-d0a0-4851-a4b2-d162b180031a,104993-success.txt,model_correct,fdbk_correct,thought_correct
_instance_explain,2164fe0d-d0a0-4851-a4b2-d162b180031a,54295-h-m1-success.txt,model_correct,fdbk_correct,thought_correct
_instance_explain,2164fe0d-d0a0-4851-a4b2-d162b180031a,105028-b-m3-success.txt,model_correct,fdbk_correct,thought_correct
_instance_explain,2164fe0d-d0a0-4851-a4b2-d162b180031a,54200-h-m4-success.txt,model_correct,fdbk_correct,thought_correct
_instance_explain,2164fe0d-d0a0-4851-a4b2-d162b180031a,54366-h-close-success.txt,model_correct,fdbk_correct,thought_correct
_instance_explain,2164fe0d-d0a0-4851-a4b2-d162b180031a,105057-b-close-failed.txt,model_incorrect,fdbk_incorrect,thought_incorrect
_instance_explain,2164fe0d-d0a0-4851-a4b2-d162b180031a,54775-h-failed.txt,model_incorrect,fdbk_correct,thought_unsure
_instance_explain,dedc4809-38dd-4e73-b5d6-fa30a7a21171,54721-h-m2-success.txt,model_correct,fdbk_correct,thought_correct
_instance_explain,dedc4809-38dd-4e73-b5d6-fa30a7a21171,54775-h-failed.txt,model_incorrect,fdbk_incorrect,thought_incorrect
_instance_explain,dedc4809-38dd-4e73-b5d6-fa30a7a21171,104979-success.txt,model_correct,fdbk_correct,thought_correct
_instance_explain,dedc4809-38dd-4e73-b5d6-fa30a7a21171,54295-h-m1-success.txt,model_correct,fdbk_correct,thought_correct
_instance_explain,dedc4809-38dd-4e73-b5d6-fa30a7a21171,104993-success.txt,model_correct,fdbk_correct,thought_correct
_instance_explain,dedc4809-38dd-4e73-b5d6-fa30a7a21171,105028-b-m3-success.txt,model_correct,fdbk_correct,thought_correct
_instance_explain,dedc4809-38dd-4e73-b5d6-fa30a7a21171,54200-h-m4-success.txt,model_correct,fdbk_correct,thought_correct
_instance_explain,dedc4809-38dd-4e73-b5d6-fa30a7a21171,54366-h-close-success.txt,model_correct,fdbk_correct,thought_correct
_instance_explain,dedc4809-38dd-4e73-b5d6-fa30a7a21171,105057-b-close-failed.txt,model_incorrect,fdbk_incorrect,thought_incorrect
_instance_explain,dedc4809-38dd-4e73-b5d6-fa30a7a21171,104944-b-failed.txt,model_incorrect,fdbk_incorrect,thought_incorrect
_instance_explain,147cd76b-280a-42a3-8d91-d9d67e1376e1,54721-h-m2-success.txt,model_correct,fdbk_correct,thought_correct
_instance_explain,147cd76b-280a-42a3-8d91-d9d67e1376e1,104944-b-failed.txt,model_incorrect,fdbk_incorrect,thought_unsure
_instance_explain,147cd76b-280a-42a3-8d91-d9d67e1376e1,54775-h-failed.txt,model_incorrect,fdbk_incorrect,thought_incorrect
_instance_explain,147cd76b-280a-42a3-8d91-d9d67e1376e1,104979-success.txt,model_correct,fdbk_correct,thought_correct
_instance_explain,147cd76b-280a-42a3-8d91-d9d67e1376e1,104993-success.txt,model_correct,fdbk_correct,thought_correct
_instance_explain,147cd76b-280a-42a3-8d91-d9d67e1376e1,54295-h-m1-success.txt,model_correct,fdbk_correct,thought_correct
_instance_explain,147cd76b-280a-42a3-8d91-d9d67e1376e1,105028-b-m3-success.txt,model_correct,fdbk_correct,thought_correct
_instance_explain,147cd76b-280a-42a3-8d91-d9d67e1376e1,54200-h-m4-success.txt,model_correct,fdbk_correct,thought_correct
_instance_explain,147cd76b-280a-42a3-8d91-d9d67e1376e1,54366-h-close-success.txt,model_correct,fdbk_correct,thought_correct
_instance_explain,147cd76b-280a-42a3-8d91-d9d67e1376e1,105057-b-close-failed.txt,model_incorrect,fdbk_incorrect,thought_incorrect
_instance_explain,85083788-60b7-4a3d-8494-c76b5f7967d2,54721-h-m2-success.txt,model_correct,fdbk_correct,thought_correct
_instance_explain,85083788-60b7-4a3d-8494-c76b5f7967d2,104944-b-failed.txt,model_incorrect,fdbk_incorrect,thought_unsure
_instance_explain,85083788-60b7-4a3d-8494-c76b5f7967d2,54775-h-failed.txt,model_incorrect,fdbk_incorrect,thought_incorrect
_instance_explain,85083788-60b7-4a3d-8494-c76b5f7967d2,104979-success.txt,model_correct,fdbk_correct,thought_correct
_instance_explain,85083788-60b7-4a3d-8494-c76b5f7967d2,104993-success.txt,model_correct,fdbk_correct,thought_correct
_instance_explain,85083788-60b7-4a3d-8494-c76b5f7967d2,54295-h-m1-success.txt,model_correct,fdbk_correct,thought_correct
_instance_explain,85083788-60b7-4a3d-8494-c76b5f7967d2,105028-b-m3-success.txt,model_correct,fdbk_correct,thought_correct
_instance_explain,85083788-60b7-4a3d-8494-c76b5f7967d2,54200-h-m4-success.txt,model_correct,fdbk_correct,thought_correct
_instance_explain,85083788-60b7-4a3d-8494-c76b5f7967d2,54366-h-close-success.txt,model_correct,fdbk_correct,thought_correct
_instance_explain,85083788-60b7-4a3d-8494-c76b5f7967d2,105057-b-close-failed.txt,model_incorrect,fdbk_incorrect,thought_incorrect
_instance_explain,7b9c52d4-1f80-4e36-b653-3fe266f61b43,104944-b-failed.txt,model_incorrect,fdbk_correct,thought_correct
_instance_explain,7b9c52d4-1f80-4e36-b653-3fe266f61b43,54721-h-m2-success.txt,model_correct,fdbk_correct,thought_correct
_instance_explain,7b9c52d4-1f80-4e36-b653-3fe266f61b43,54775-h-failed.txt,model_incorrect,fdbk_incorrect,thought_incorrect
_instance_explain,7b9c52d4-1f80-4e36-b653-3fe266f61b43,104979-success.txt,model_correct,fdbk_correct,thought_correct
_instance_explain,7b9c52d4-1f80-4e36-b653-3fe266f61b43,104993-success.txt,model_correct,fdbk_correct,thought_correct
_instance_explain,7b9c52d4-1f80-4e36-b653-3fe266f61b43,54295-h-m1-success.txt,model_correct,fdbk_correct,thought_correct
_instance_explain,7b9c52d4-1f80-4e36-b653-3fe266f61b43,105028-b-m3-success.txt,model_correct,fdbk_correct,thought_correct
_instance_explain,7b9c52d4-1f80-4e36-b653-3fe266f61b43,54200-h-m4-success.txt,model_correct,fdbk_correct,thought_correct
_instance_explain,7b9c52d4-1f80-4e36-b653-3fe266f61b43,54366-h-close-success.txt,model_correct,fdbk_correct,thought_correct
_instance_explain,7b9c52d4-1f80-4e36-b653-3fe266f61b43,105057-b-close-failed.txt,model_incorrect,fdbk_incorrect,thought_incorrect
_instance_explain,05bff2e3-fda6-4917-be54-33e1cd36c3c1,54721-h-m2-success.txt,model_correct,fdbk_correct,thought_correct
_instance_explain,05bff2e3-fda6-4917-be54-33e1cd36c3c1,104944-b-failed.txt,model_incorrect,fdbk_incorrect,thought_unsure
_instance_explain,05bff2e3-fda6-4917-be54-33e1cd36c3c1,104979-success.txt,model_correct,fdbk_correct,thought_correct
_instance_explain,05bff2e3-fda6-4917-be54-33e1cd36c3c1,104993-success.txt,model_correct,fdbk_correct,thought_correct
_instance_explain,05bff2e3-fda6-4917-be54-33e1cd36c3c1,54295-h-m1-success.txt,model_correct,fdbk_correct,thought_correct
_instance_explain,05bff2e3-fda6-4917-be54-33e1cd36c3c1,54200-h-m4-success.txt,model_correct,fdbk_correct,thought_correct
_instance_explain,05bff2e3-fda6-4917-be54-33e1cd36c3c1,105028-b-m3-success.txt,model_correct,fdbk_correct,thought_correct
_instance_explain,05bff2e3-fda6-4917-be54-33e1cd36c3c1,54366-h-close-success.txt,model_correct,fdbk_correct,thought_correct
_instance_explain,05bff2e3-fda6-4917-be54-33e1cd36c3c1,105057-b-close-failed.txt,model_incorrect,fdbk_incorrect,thought_incorrect
_instance_explain,05bff2e3-fda6-4917-be54-33e1cd36c3c1,54775-h-failed.txt,model_incorrect,fdbk_incorrect,thought_unsure
_instance_explain,bee4b192-6e06-4d3c-ac03-664cce6c70f6,104944-b-failed.txt,model_incorrect,fdbk_correct,thought_correct
_instance_explain,bee4b192-6e06-4d3c-ac03-664cce6c70f6,54721-h-m2-success.txt,model_correct,fdbk_correct,thought_correct
_instance_explain,bee4b192-6e06-4d3c-ac03-664cce6c70f6,104979-success.txt,model_correct,fdbk_correct,thought_correct
_instance_explain,bee4b192-6e06-4d3c-ac03-664cce6c70f6,104993-success.txt,model_correct,fdbk_correct,thought_correct
_instance_explain,bee4b192-6e06-4d3c-ac03-664cce6c70f6,54295-h-m1-success.txt,model_correct,fdbk_correct,thought_correct
_instance_explain,bee4b192-6e06-4d3c-ac03-664cce6c70f6,54200-h-m4-success.txt,model_correct,fdbk_correct,thought_correct
_instance_explain,bee4b192-6e06-4d3c-ac03-664cce6c70f6,105028-b-m3-success.txt,model_correct,fdbk_correct,thought_correct
_instance_explain,bee4b192-6e06-4d3c-ac03-664cce6c70f6,54366-h-close-success.txt,model_correct,fdbk_correct,thought_correct
_instance_explain,bee4b192-6e06-4d3c-ac03-664cce6c70f6,105057-b-close-failed.txt,model_incorrect,fdbk_incorrect,thought_incorrect
_instance_explain,bee4b192-6e06-4d3c-ac03-664cce6c70f6,54775-h-failed.txt,model_incorrect,fdbk_correct,thought_unsure
_instance_explain,69cce717-7e85-4767-8398-66ba8e4487c4,104944-b-failed.txt,model_incorrect,fdbk_correct,thought_correct
_instance_explain,69cce717-7e85-4767-8398-66ba8e4487c4,54721-h-m2-success.txt,model_correct,fdbk_correct,thought_correct
_instance_explain,69cce717-7e85-4767-8398-66ba8e4487c4,104979-success.txt,model_correct,fdbk_correct,thought_correct
_instance_explain,69cce717-7e85-4767-8398-66ba8e4487c4,54775-h-failed.txt,model_incorrect,fdbk_correct,thought_correct
_instance_explain,69cce717-7e85-4767-8398-66ba8e4487c4,104993-success.txt,model_correct,fdbk_correct,thought_correct
_instance_explain,69cce717-7e85-4767-8398-66ba8e4487c4,54295-h-m1-success.txt,model_correct,fdbk_correct,thought_correct
_instance_explain,69cce717-7e85-4767-8398-66ba8e4487c4,105028-b-m3-success.txt,model_correct,fdbk_correct,thought_correct
_instance_explain,69cce717-7e85-4767-8398-66ba8e4487c4,54200-h-m4-success.txt,model_correct,fdbk_correct,thought_correct
_instance_explain,69cce717-7e85-4767-8398-66ba8e4487c4,54366-h-close-success.txt,model_correct,fdbk_correct,thought_correct
_instance_explain,69cce717-7e85-4767-8398-66ba8e4487c4,105057-b-close-failed.txt,model_incorrect,fdbk_incorrect,thought_incorrect
_instance,ddb10ebe-ceff-49d4-9da9-9f2e6a4c9a75,54721-h-m2-success.txt,model_correct,fdbk_correct,thought_correct
_instance,ddb10ebe-ceff-49d4-9da9-9f2e6a4c9a75,104944-b-failed.txt,model_incorrect,fdbk_incorrect,thought_unsure
_instance,ddb10ebe-ceff-49d4-9da9-9f2e6a4c9a75,54775-h-failed.txt,model_incorrect,fdbk_incorrect,thought_incorrect
_instance,ddb10ebe-ceff-49d4-9da9-9f2e6a4c9a75,104979-success.txt,model_correct,fdbk_correct,thought_correct
_instance,ddb10ebe-ceff-49d4-9da9-9f2e6a4c9a75,104993-success.txt,model_correct,fdbk_correct,thought_correct
_instance,ddb10ebe-ceff-49d4-9da9-9f2e6a4c9a75,54295-h-m1-success.txt,model_correct,fdbk_correct,thought_correct
_instance,ddb10ebe-ceff-49d4-9da9-9f2e6a4c9a75,105028-b-m3-success.txt,model_correct,fdbk_correct,thought_correct
_instance,ddb10ebe-ceff-49d4-9da9-9f2e6a4c9a75,54200-h-m4-success.txt,model_correct,fdbk_correct,thought_correct
_instance,ddb10ebe-ceff-49d4-9da9-9f2e6a4c9a75,54366-h-close-success.txt,model_correct,fdbk_correct,thought_correct
_instance,ddb10ebe-ceff-49d4-9da9-9f2e6a4c9a75,105057-b-close-failed.txt,model_incorrect,fdbk_incorrect,thought_incorrect
_instance,252a5804-e8b2-42b1-abe3-ca3db1ae9a52,104944-b-failed.txt,model_incorrect,fdbk_correct,thought_correct
_instance,252a5804-e8b2-42b1-abe3-ca3db1ae9a52,104993-success.txt,model_correct,fdbk_correct,thought_incorrect
_instance,252a5804-e8b2-42b1-abe3-ca3db1ae9a52,54721-h-m2-success.txt,model_correct,fdbk_correct,thought_correct
_instance,252a5804-e8b2-42b1-abe3-ca3db1ae9a52,54775-h-failed.txt,model_incorrect,fdbk_correct,thought_correct
_instance,252a5804-e8b2-42b1-abe3-ca3db1ae9a52,104979-success.txt,model_correct,fdbk_correct,thought_correct
_instance,252a5804-e8b2-42b1-abe3-ca3db1ae9a52,54295-h-m1-success.txt,model_correct,fdbk_correct,thought_correct
_instance,252a5804-e8b2-42b1-abe3-ca3db1ae9a52,105028-b-m3-success.txt,model_correct,fdbk_correct,thought_correct
_instance,252a5804-e8b2-42b1-abe3-ca3db1ae9a52,54200-h-m4-success.txt,model_correct,fdbk_correct,thought_correct
_instance,252a5804-e8b2-42b1-abe3-ca3db1ae9a52,54366-h-close-success.txt,model_correct,fdbk_correct,thought_correct
_instance,252a5804-e8b2-42b1-abe3-ca3db1ae9a52,105057-b-close-failed.txt,model_incorrect,fdbk_incorrect,thought_incorrect
_instance,8d550ee0-4897-4c8f-a84e-610e91bc4174,54721-h-m2-success.txt,model_correct,fdbk_correct,thought_correct
_instance,8d550ee0-4897-4c8f-a84e-610e91bc4174,54775-h-failed.txt,model_incorrect,fdbk_incorrect,thought_incorrect
_instance,8d550ee0-4897-4c8f-a84e-610e91bc4174,104979-success.txt,model_correct,fdbk_correct,thought_correct
_instance,8d550ee0-4897-4c8f-a84e-610e91bc4174,104993-success.txt,model_correct,fdbk_correct,thought_correct
_instance,8d550ee0-4897-4c8f-a84e-610e91bc4174,54295-h-m1-success.txt,model_correct,fdbk_correct,thought_correct
_instance,8d550ee0-4897-4c8f-a84e-610e91bc4174,105028-b-m3-success.txt,model_correct,fdbk_correct,thought_correct
_instance,8d550ee0-4897-4c8f-a84e-610e91bc4174,54200-h-m4-success.txt,model_correct,fdbk_correct,thought_correct
_instance,8d550ee0-4897-4c8f-a84e-610e91bc4174,54366-h-close-success.txt,model_correct,fdbk_correct,thought_correct
_instance,8d550ee0-4897-4c8f-a84e-610e91bc4174,105057-b-close-failed.txt,model_incorrect,fdbk_incorrect,thought_incorrect
_instance,8d550ee0-4897-4c8f-a84e-610e91bc4174,104944-b-failed.txt,model_incorrect,fdbk_incorrect,thought_incorrect
_instance,6307c15f-08ce-4281-9a3a-043ab7d988f9,54721-h-m2-success.txt,model_correct,fdbk_correct,thought_correct
_instance,6307c15f-08ce-4281-9a3a-043ab7d988f9,104944-b-failed.txt,model_incorrect,fdbk_correct,thought_unsure
_instance,6307c15f-08ce-4281-9a3a-043ab7d988f9,54775-h-failed.txt,model_incorrect,fdbk_incorrect,thought_incorrect
_instance,6307c15f-08ce-4281-9a3a-043ab7d988f9,104979-success.txt,model_correct,fdbk_correct,thought_correct
_instance,6307c15f-08ce-4281-9a3a-043ab7d988f9,104993-success.txt,model_correct,fdbk_correct,thought_correct
_instance,6307c15f-08ce-4281-9a3a-043ab7d988f9,54295-h-m1-success.txt,model_correct,fdbk_correct,thought_correct
_instance,6307c15f-08ce-4281-9a3a-043ab7d988f9,105028-b-m3-success.txt,model_correct,fdbk_correct,thought_correct
_instance,6307c15f-08ce-4281-9a3a-043ab7d988f9,54200-h-m4-success.txt,model_correct,fdbk_correct,thought_correct
_instance,6307c15f-08ce-4281-9a3a-043ab7d988f9,54366-h-close-success.txt,model_correct,fdbk_correct,thought_correct
_instance,6307c15f-08ce-4281-9a3a-043ab7d988f9,105057-b-close-failed.txt,model_incorrect,fdbk_incorrect,thought_incorrect
_instance,38308f26-f8e6-46c7-a07b-9a1269cbc6fb,105057-b-close-failed.txt,model_incorrect,fdbk_correct,thought_correct
_instance,38308f26-f8e6-46c7-a07b-9a1269cbc6fb,104944-b-failed.txt,model_incorrect,fdbk_correct,thought_unsure
_instance,38308f26-f8e6-46c7-a07b-9a1269cbc6fb,104979-success.txt,model_correct,fdbk_correct,thought_correct
_instance,38308f26-f8e6-46c7-a07b-9a1269cbc6fb,54775-h-failed.txt,model_incorrect,fdbk_correct,thought_correct
_instance,38308f26-f8e6-46c7-a07b-9a1269cbc6fb,54721-h-m2-success.txt,model_correct,fdbk_correct,thought_unsure
_instance,38308f26-f8e6-46c7-a07b-9a1269cbc6fb,104993-success.txt,model_correct,fdbk_correct,thought_correct
_instance,38308f26-f8e6-46c7-a07b-9a1269cbc6fb,54295-h-m1-success.txt,model_correct,fdbk_correct,thought_correct
_instance,38308f26-f8e6-46c7-a07b-9a1269cbc6fb,105028-b-m3-success.txt,model_correct,fdbk_correct,thought_correct
_instance,38308f26-f8e6-46c7-a07b-9a1269cbc6fb,54200-h-m4-success.txt,model_correct,fdbk_correct,thought_correct
_instance,38308f26-f8e6-46c7-a07b-9a1269cbc6fb,54366-h-close-success.txt,model_correct,fdbk_correct,thought_correct
_instance,c94e4039-78ad-41af-887a-0c2cc69e37be,54721-h-m2-success.txt,model_correct,fdbk_correct,thought_correct
_instance,c94e4039-78ad-41af-887a-0c2cc69e37be,104944-b-failed.txt,model_incorrect,fdbk_incorrect,thought_unsure
_instance,c94e4039-78ad-41af-887a-0c2cc69e37be,54775-h-failed.txt,model_incorrect,fdbk_incorrect,thought_incorrect
_instance,c94e4039-78ad-41af-887a-0c2cc69e37be,104979-success.txt,model_correct,fdbk_correct,thought_correct
_instance,c94e4039-78ad-41af-887a-0c2cc69e37be,104993-success.txt,model_correct,fdbk_correct,thought_correct
_instance,c94e4039-78ad-41af-887a-0c2cc69e37be,54295-h-m1-success.txt,model_correct,fdbk_correct,thought_correct
_instance,c94e4039-78ad-41af-887a-0c2cc69e37be,105028-b-m3-success.txt,model_correct,fdbk_correct,thought_correct
_instance,c94e4039-78ad-41af-887a-0c2cc69e37be,54200-h-m4-success.txt,model_correct,fdbk_correct,thought_correct
_instance,c94e4039-78ad-41af-887a-0c2cc69e37be,54366-h-close-success.txt,model_correct,fdbk_correct,thought_correct
_instance,c94e4039-78ad-41af-887a-0c2cc69e37be,105057-b-close-failed.txt,model_incorrect,fdbk_incorrect,thought_incorrect
_instance,8ad2c308-bb77-486b-a58f-b2639e54c06b,104944-b-failed.txt,model_incorrect,fdbk_correct,thought_correct
_instance,8ad2c308-bb77-486b-a58f-b2639e54c06b,54721-h-m2-success.txt,model_correct,fdbk_correct,thought_correct
_instance,8ad2c308-bb77-486b-a58f-b2639e54c06b,104979-success.txt,model_correct,fdbk_correct,thought_correct
_instance,8ad2c308-bb77-486b-a58f-b2639e54c06b,54775-h-failed.txt,model_incorrect,fdbk_correct,thought_correct
_instance,8ad2c308-bb77-486b-a58f-b2639e54c06b,104993-success.txt,model_correct,fdbk_correct,thought_correct
_instance,8ad2c308-bb77-486b-a58f-b2639e54c06b,54295-h-m1-success.txt,model_correct,fdbk_correct,thought_correct
_instance,8ad2c308-bb77-486b-a58f-b2639e54c06b,105028-b-m3-success.txt,model_correct,fdbk_correct,thought_correct
_instance,8ad2c308-bb77-486b-a58f-b2639e54c06b,54200-h-m4-success.txt,model_correct,fdbk_correct,thought_correct
_instance,8ad2c308-bb77-486b-a58f-b2639e54c06b,54366-h-close-success.txt,model_correct,fdbk_correct,thought_correct
_instance,8ad2c308-bb77-486b-a58f-b2639e54c06b,105057-b-close-failed.txt,model_incorrect,fdbk_incorrect,thought_incorrect
_instance,5ac433ce-4725-4690-b18a-65d92f264ed8,54721-h-m2-success.txt,model_correct,fdbk_correct,thought_correct
_instance,5ac433ce-4725-4690-b18a-65d92f264ed8,104979-success.txt,model_correct,fdbk_correct,thought_correct
_instance,5ac433ce-4725-4690-b18a-65d92f264ed8,54295-h-m1-success.txt,model_correct,fdbk_correct,thought_correct
_instance,5ac433ce-4725-4690-b18a-65d92f264ed8,104993-success.txt,model_correct,fdbk_correct,thought_correct
_instance,5ac433ce-4725-4690-b18a-65d92f264ed8,105028-b-m3-success.txt,model_correct,fdbk_correct,thought_correct
_instance,5ac433ce-4725-4690-b18a-65d92f264ed8,54200-h-m4-success.txt,model_correct,fdbk_correct,thought_correct
_instance,5ac433ce-4725-4690-b18a-65d92f264ed8,54366-h-close-success.txt,model_correct,fdbk_correct,thought_correct
_instance,5ac433ce-4725-4690-b18a-65d92f264ed8,105057-b-close-failed.txt,model_incorrect,fdbk_incorrect,thought_incorrect
_instance,5ac433ce-4725-4690-b18a-65d92f264ed8,54775-h-failed.txt,model_incorrect,fdbk_correct,thought_unsure
_instance,5ac433ce-4725-4690-b18a-65d92f264ed8,104944-b-failed.txt,model_incorrect,fdbk_incorrect,thought_incorrect
_instance,5b0963c7-b446-450a-9775-2baee197093a,54721-h-m2-success.txt,model_correct,fdbk_correct,thought_correct
_instance,5b0963c7-b446-450a-9775-2baee197093a,104944-b-failed.txt,model_incorrect,fdbk_correct,thought_unsure
_instance,5b0963c7-b446-450a-9775-2baee197093a,54200-h-m4-success.txt,model_correct,fdbk_incorrect,thought_incorrect
_instance,5b0963c7-b446-450a-9775-2baee197093a,104979-success.txt,model_correct,fdbk_correct,thought_correct
_instance,5b0963c7-b446-450a-9775-2baee197093a,54775-h-failed.txt,model_incorrect,fdbk_correct,thought_correct
_instance,5b0963c7-b446-450a-9775-2baee197093a,104993-success.txt,model_correct,fdbk_correct,thought_correct
_instance,5b0963c7-b446-450a-9775-2baee197093a,54295-h-m1-success.txt,model_correct,fdbk_correct,thought_correct
_instance,5b0963c7-b446-450a-9775-2baee197093a,105028-b-m3-success.txt,model_correct,fdbk_correct,thought_correct
_instance,5b0963c7-b446-450a-9775-2baee197093a,54366-h-close-success.txt,model_correct,fdbk_correct,thought_correct
_instance,5b0963c7-b446-450a-9775-2baee197093a,105057-b-close-failed.txt,model_incorrect,fdbk_incorrect,thought_incorrect
_instance,32211dc0-eb39-446c-8fcb-69d7db683dd4,54721-h-m2-success.txt,model_correct,fdbk_correct,thought_correct
_instance,32211dc0-eb39-446c-8fcb-69d7db683dd4,104944-b-failed.txt,model_incorrect,fdbk_correct,thought_unsure
_instance,32211dc0-eb39-446c-8fcb-69d7db683dd4,54775-h-failed.txt,model_incorrect,fdbk_incorrect,thought_incorrect
_instance,32211dc0-eb39-446c-8fcb-69d7db683dd4,104979-success.txt,model_correct,fdbk_correct,thought_correct
_instance,32211dc0-eb39-446c-8fcb-69d7db683dd4,104993-success.txt,model_correct,fdbk_correct,thought_correct
_instance,32211dc0-eb39-446c-8fcb-69d7db683dd4,54295-h-m1-success.txt,model_correct,fdbk_correct,thought_correct
_instance,32211dc0-eb39-446c-8fcb-69d7db683dd4,105028-b-m3-success.txt,model_correct,fdbk_correct,thought_correct
_instance,32211dc0-eb39-446c-8fcb-69d7db683dd4,54200-h-m4-success.txt,model_correct,fdbk_correct,thought_correct
_instance,32211dc0-eb39-446c-8fcb-69d7db683dd4,54366-h-close-success.txt,model_correct,fdbk_correct,thought_correct
_instance,32211dc0-eb39-446c-8fcb-69d7db683dd4,105057-b-close-failed.txt,model_incorrect,fdbk_incorrect,thought_incorrect
_instance,2a029364-c6de-4d07-a8e6-83dcf9495454,54721-h-m2-success.txt,model_correct,fdbk_correct,thought_correct
_instance,2a029364-c6de-4d07-a8e6-83dcf9495454,104944-b-failed.txt,model_incorrect,fdbk_correct,thought_unsure
_instance,2a029364-c6de-4d07-a8e6-83dcf9495454,54775-h-failed.txt,model_incorrect,fdbk_incorrect,thought_incorrect
_instance,2a029364-c6de-4d07-a8e6-83dcf9495454,104979-success.txt,model_correct,fdbk_correct,thought_correct
_instance,2a029364-c6de-4d07-a8e6-83dcf9495454,104993-success.txt,model_correct,fdbk_correct,thought_correct
_instance,2a029364-c6de-4d07-a8e6-83dcf9495454,54295-h-m1-success.txt,model_correct,fdbk_correct,thought_correct
_instance,2a029364-c6de-4d07-a8e6-83dcf9495454,105028-b-m3-success.txt,model_correct,fdbk_correct,thought_correct
_instance,2a029364-c6de-4d07-a8e6-83dcf9495454,54200-h-m4-success.txt,model_correct,fdbk_correct,thought_correct
_instance,2a029364-c6de-4d07-a8e6-83dcf9495454,54366-h-close-success.txt,model_correct,fdbk_correct,thought_correct
_instance,2a029364-c6de-4d07-a8e6-83dcf9495454,105057-b-close-failed.txt,model_incorrect,fdbk_incorrect,thought_incorrect
_instance,db415535-db7a-4d03-aeda-70df8292fc7b,54721-h-m2-success.txt,model_correct,fdbk_correct,thought_correct
_instance,db415535-db7a-4d03-aeda-70df8292fc7b,104944-b-failed.txt,model_incorrect,fdbk_correct,thought_unsure
_instance,db415535-db7a-4d03-aeda-70df8292fc7b,104979-success.txt,model_correct,fdbk_correct,thought_correct
_instance,db415535-db7a-4d03-aeda-70df8292fc7b,104993-success.txt,model_correct,fdbk_correct,thought_correct
_instance,db415535-db7a-4d03-aeda-70df8292fc7b,54295-h-m1-success.txt,model_correct,fdbk_correct,thought_correct
_instance,db415535-db7a-4d03-aeda-70df8292fc7b,105028-b-m3-success.txt,model_correct,fdbk_correct,thought_correct
_instance,db415535-db7a-4d03-aeda-70df8292fc7b,54200-h-m4-success.txt,model_correct,fdbk_correct,thought_correct
_instance,db415535-db7a-4d03-aeda-70df8292fc7b,54366-h-close-success.txt,model_correct,fdbk_correct,thought_correct
_instance,db415535-db7a-4d03-aeda-70df8292fc7b,105057-b-close-failed.txt,model_incorrect,fdbk_incorrect,thought_incorrect
_instance,db415535-db7a-4d03-aeda-70df8292fc7b,54775-h-failed.txt,model_incorrect,fdbk_incorrect,thought_unsure
_instance,077c366c-911f-4086-ba19-8dd1a2316a7a,54721-h-m2-success.txt,model_correct,fdbk_correct,thought_correct
_instance,077c366c-911f-4086-ba19-8dd1a2316a7a,104944-b-failed.txt,model_incorrect,fdbk_incorrect,thought_unsure
_instance,077c366c-911f-4086-ba19-8dd1a2316a7a,104979-success.txt,model_correct,fdbk_correct,thought_correct
_instance,077c366c-911f-4086-ba19-8dd1a2316a7a,104993-success.txt,model_correct,fdbk_correct,thought_correct
_instance,077c366c-911f-4086-ba19-8dd1a2316a7a,54295-h-m1-success.txt,model_correct,fdbk_correct,thought_correct
_instance,077c366c-911f-4086-ba19-8dd1a2316a7a,105028-b-m3-success.txt,model_correct,fdbk_correct,thought_correct
_instance,077c366c-911f-4086-ba19-8dd1a2316a7a,54200-h-m4-success.txt,model_correct,fdbk_correct,thought_correct
_instance,077c366c-911f-4086-ba19-8dd1a2316a7a,54366-h-close-success.txt,model_correct,fdbk_correct,thought_correct
_instance,077c366c-911f-4086-ba19-8dd1a2316a7a,105057-b-close-failed.txt,model_incorrect,fdbk_incorrect,thought_incorrect
_instance,077c366c-911f-4086-ba19-8dd1a2316a7a,54775-h-failed.txt,model_incorrect,fdbk_incorrect,thought_unsure
_instance,1b0b18bc-40e1-40ae-901c-9fc162fbe25f,54721-h-m2-success.txt,model_correct,fdbk_correct,thought_correct
_instance,1b0b18bc-40e1-40ae-901c-9fc162fbe25f,104944-b-failed.txt,model_incorrect,fdbk_correct,thought_unsure
_instance,1b0b18bc-40e1-40ae-901c-9fc162fbe25f,104979-success.txt,model_correct,fdbk_correct,thought_correct
_instance,1b0b18bc-40e1-40ae-901c-9fc162fbe25f,104993-success.txt,model_correct,fdbk_correct,thought_correct
_instance,1b0b18bc-40e1-40ae-901c-9fc162fbe25f,54295-h-m1-success.txt,model_correct,fdbk_correct,thought_correct
_instance,1b0b18bc-40e1-40ae-901c-9fc162fbe25f,54200-h-m4-success.txt,model_correct,fdbk_correct,thought_correct
_instance,1b0b18bc-40e1-40ae-901c-9fc162fbe25f,105028-b-m3-success.txt,model_correct,fdbk_correct,thought_correct
_instance,1b0b18bc-40e1-40ae-901c-9fc162fbe25f,54366-h-close-success.txt,model_correct,fdbk_correct,thought_correct
_instance,1b0b18bc-40e1-40ae-901c-9fc162fbe25f,105057-b-close-failed.txt,model_incorrect,fdbk_incorrect,thought_incorrect
_instance,1b0b18bc-40e1-40ae-901c-9fc162fbe25f,54775-h-failed.txt,model_incorrect,fdbk_correct,thought_unsure
_instance,3af15328-326d-47bf-8820-fb731ff55b2a,54721-h-m2-success.txt,model_correct,fdbk_correct,thought_correct
_instance,3af15328-326d-47bf-8820-fb731ff55b2a,54366-h-close-success.txt,model_correct,fdbk_incorrect,thought_incorrect
_instance,3af15328-326d-47bf-8820-fb731ff55b2a,54200-h-m4-success.txt,model_correct,fdbk_incorrect,thought_incorrect
_instance,3af15328-326d-47bf-8820-fb731ff55b2a,54775-h-failed.txt,model_incorrect,fdbk_incorrect,thought_incorrect
_instance,3af15328-326d-47bf-8820-fb731ff55b2a,104979-success.txt,model_correct,fdbk_correct,thought_correct
_instance,3af15328-326d-47bf-8820-fb731ff55b2a,104993-success.txt,model_correct,fdbk_correct,thought_correct
_instance,3af15328-326d-47bf-8820-fb731ff55b2a,54295-h-m1-success.txt,model_correct,fdbk_correct,thought_correct
_instance,3af15328-326d-47bf-8820-fb731ff55b2a,105028-b-m3-success.txt,model_correct,fdbk_correct,thought_correct
_instance,3af15328-326d-47bf-8820-fb731ff55b2a,105057-b-close-failed.txt,model_incorrect,fdbk_incorrect,thought_incorrect
_instance,3af15328-326d-47bf-8820-fb731ff55b2a,104944-b-failed.txt,model_incorrect,fdbk_incorrect,thought_incorrect
_instance,8811b1f9-ca73-44b3-9caf-669ea71bc12e,54721-h-m2-success.txt,model_correct,fdbk_correct,thought_correct
_instance,8811b1f9-ca73-44b3-9caf-669ea71bc12e,104944-b-failed.txt,model_incorrect,fdbk_correct,thought_unsure
_instance,8811b1f9-ca73-44b3-9caf-669ea71bc12e,54775-h-failed.txt,model_incorrect,fdbk_incorrect,thought_incorrect
_instance,8811b1f9-ca73-44b3-9caf-669ea71bc12e,104979-success.txt,model_correct,fdbk_correct,thought_correct
_instance,8811b1f9-ca73-44b3-9caf-669ea71bc12e,104993-success.txt,model_correct,fdbk_correct,thought_correct
_instance,8811b1f9-ca73-44b3-9caf-669ea71bc12e,54295-h-m1-success.txt,model_correct,fdbk_correct,thought_correct
_instance,8811b1f9-ca73-44b3-9caf-669ea71bc12e,105028-b-m3-success.txt,model_correct,fdbk_correct,thought_correct
_instance,8811b1f9-ca73-44b3-9caf-669ea71bc12e,54200-h-m4-success.txt,model_correct,fdbk_correct,thought_correct
_instance,8811b1f9-ca73-44b3-9caf-669ea71bc12e,54366-h-close-success.txt,model_correct,fdbk_correct,thought_correct
_instance,8811b1f9-ca73-44b3-9caf-669ea71bc12e,105057-b-close-failed.txt,model_incorrect,fdbk_incorrect,thought_incorrect
_instance,8e434bb9-f577-4519-a97a-73618c8e3b5b,54721-h-m2-success.txt,model_correct,fdbk_correct,thought_correct
_instance,8e434bb9-f577-4519-a97a-73618c8e3b5b,104944-b-failed.txt,model_incorrect,fdbk_correct,thought_unsure
_instance,8e434bb9-f577-4519-a97a-73618c8e3b5b,54775-h-failed.txt,model_incorrect,fdbk_incorrect,thought_incorrect
_instance,8e434bb9-f577-4519-a97a-73618c8e3b5b,104979-success.txt,model_correct,fdbk_correct,thought_correct
_instance,8e434bb9-f577-4519-a97a-73618c8e3b5b,104993-success.txt,model_correct,fdbk_correct,thought_correct
_instance,8e434bb9-f577-4519-a97a-73618c8e3b5b,54295-h-m1-success.txt,model_correct,fdbk_correct,thought_correct
_instance,8e434bb9-f577-4519-a97a-73618c8e3b5b,105028-b-m3-success.txt,model_correct,fdbk_correct,thought_correct
_instance,8e434bb9-f577-4519-a97a-73618c8e3b5b,54200-h-m4-success.txt,model_correct,fdbk_correct,thought_correct
_instance,8e434bb9-f577-4519-a97a-73618c8e3b5b,54366-h-close-success.txt,model_correct,fdbk_correct,thought_correct
_instance,8e434bb9-f577-4519-a97a-73618c8e3b5b,105057-b-close-failed.txt,model_incorrect,fdbk_incorrect,thought_incorrect
_instance,29cec8d1-3ef1-4f35-8cca-429b3b56eef7,105057-b-close-failed.txt,model_incorrect,fdbk_correct,thought_correct
_instance,29cec8d1-3ef1-4f35-8cca-429b3b56eef7,54721-h-m2-success.txt,model_correct,fdbk_correct,thought_correct
_instance,29cec8d1-3ef1-4f35-8cca-429b3b56eef7,104944-b-failed.txt,model_incorrect,fdbk_correct,thought_unsure
_instance,29cec8d1-3ef1-4f35-8cca-429b3b56eef7,54775-h-failed.txt,model_incorrect,fdbk_incorrect,thought_incorrect
_instance,29cec8d1-3ef1-4f35-8cca-429b3b56eef7,104979-success.txt,model_correct,fdbk_correct,thought_correct
_instance,29cec8d1-3ef1-4f35-8cca-429b3b56eef7,104993-success.txt,model_correct,fdbk_correct,thought_correct
_instance,29cec8d1-3ef1-4f35-8cca-429b3b56eef7,54295-h-m1-success.txt,model_correct,fdbk_correct,thought_correct
_instance,29cec8d1-3ef1-4f35-8cca-429b3b56eef7,105028-b-m3-success.txt,model_correct,fdbk_correct,thought_correct
_instance,29cec8d1-3ef1-4f35-8cca-429b3b56eef7,54200-h-m4-success.txt,model_correct,fdbk_correct,thought_correct
_instance,29cec8d1-3ef1-4f35-8cca-429b3b56eef7,54366-h-close-success.txt,model_correct,fdbk_correct,thought_correct
_instance,09cbf868-eed8-4e7c-8171-02ecaae79ea6,54721-h-m2-success.txt,model_correct,fdbk_correct,thought_correct
_instance,09cbf868-eed8-4e7c-8171-02ecaae79ea6,104944-b-failed.txt,model_incorrect,fdbk_incorrect,thought_unsure
_instance,09cbf868-eed8-4e7c-8171-02ecaae79ea6,104979-success.txt,model_correct,fdbk_correct,thought_correct
_instance,09cbf868-eed8-4e7c-8171-02ecaae79ea6,54775-h-failed.txt,model_incorrect,fdbk_correct,thought_correct
_instance,09cbf868-eed8-4e7c-8171-02ecaae79ea6,104993-success.txt,model_correct,fdbk_correct,thought_correct
_instance,09cbf868-eed8-4e7c-8171-02ecaae79ea6,54295-h-m1-success.txt,model_correct,fdbk_correct,thought_correct
_instance,09cbf868-eed8-4e7c-8171-02ecaae79ea6,105028-b-m3-success.txt,model_correct,fdbk_correct,thought_correct
_instance,09cbf868-eed8-4e7c-8171-02ecaae79ea6,54200-h-m4-success.txt,model_correct,fdbk_correct,thought_correct
_instance,09cbf868-eed8-4e7c-8171-02ecaae79ea6,54366-h-close-success.txt,model_correct,fdbk_correct,thought_correct
_instance,09cbf868-eed8-4e7c-8171-02ecaae79ea6,105057-b-close-failed.txt,model_incorrect,fdbk_incorrect,thought_incorrect
_instance,ade4fcb0-d286-4f9d-9606-b48e492f8298,54721-h-m2-success.txt,model_correct,fdbk_correct,thought_correct
_instance,ade4fcb0-d286-4f9d-9606-b48e492f8298,104944-b-failed.txt,model_incorrect,fdbk_correct,thought_unsure
_instance,ade4fcb0-d286-4f9d-9606-b48e492f8298,104979-success.txt,model_correct,fdbk_correct,thought_correct
_instance,ade4fcb0-d286-4f9d-9606-b48e492f8298,104993-success.txt,model_correct,fdbk_correct,thought_correct
_instance,ade4fcb0-d286-4f9d-9606-b48e492f8298,54295-h-m1-success.txt,model_correct,fdbk_correct,thought_correct
_instance,ade4fcb0-d286-4f9d-9606-b48e492f8298,105028-b-m3-success.txt,model_correct,fdbk_correct,thought_correct
_instance,ade4fcb0-d286-4f9d-9606-b48e492f8298,54200-h-m4-success.txt,model_correct,fdbk_correct,thought_correct
_instance,ade4fcb0-d286-4f9d-9606-b48e492f8298,54366-h-close-success.txt,model_correct,fdbk_correct,thought_correct
_instance,ade4fcb0-d286-4f9d-9606-b48e492f8298,105057-b-close-failed.txt,model_incorrect,fdbk_incorrect,thought_incorrect
_instance,ade4fcb0-d286-4f9d-9606-b48e492f8298,54775-h-failed.txt,model_incorrect,fdbk_correct,thought_unsure
_instance,1347f8ca-661f-456b-997d-f96b1c51df68,54721-h-m2-success.txt,model_correct,fdbk_correct,thought_correct
_instance,1347f8ca-661f-456b-997d-f96b1c51df68,104944-b-failed.txt,model_incorrect,fdbk_incorrect,thought_unsure
_instance,1347f8ca-661f-456b-997d-f96b1c51df68,104979-success.txt,model_correct,fdbk_correct,thought_correct
_instance,1347f8ca-661f-456b-997d-f96b1c51df68,54775-h-failed.txt,model_incorrect,fdbk_correct,thought_correct
_instance,1347f8ca-661f-456b-997d-f96b1c51df68,104993-success.txt,model_correct,fdbk_correct,thought_correct
_instance,1347f8ca-661f-456b-997d-f96b1c51df68,54295-h-m1-success.txt,model_correct,fdbk_correct,thought_correct
_instance,1347f8ca-661f-456b-997d-f96b1c51df68,105028-b-m3-success.txt,model_correct,fdbk_correct,thought_correct
_instance,1347f8ca-661f-456b-997d-f96b1c51df68,54200-h-m4-success.txt,model_correct,fdbk_correct,thought_correct
_instance,1347f8ca-661f-456b-997d-f96b1c51df68,54366-h-close-success.txt,model_correct,fdbk_correct,thought_correct
_instance,1347f8ca-661f-456b-997d-f96b1c51df68,105057-b-close-failed.txt,model_incorrect,fdbk_incorrect,thought_incorrect
_instance,890f44d9-b04c-49aa-a876-673b71b0fcb0,105057-b-close-failed.txt,model_incorrect,fdbk_correct,thought_correct
_instance,890f44d9-b04c-49aa-a876-673b71b0fcb0,54721-h-m2-success.txt,model_correct,fdbk_correct,thought_correct
_instance,890f44d9-b04c-49aa-a876-673b71b0fcb0,54775-h-failed.txt,model_incorrect,fdbk_incorrect,thought_incorrect
_instance,890f44d9-b04c-49aa-a876-673b71b0fcb0,104979-success.txt,model_correct,fdbk_correct,thought_correct
_instance,890f44d9-b04c-49aa-a876-673b71b0fcb0,104993-success.txt,model_correct,fdbk_correct,thought_correct
_instance,890f44d9-b04c-49aa-a876-673b71b0fcb0,54295-h-m1-success.txt,model_correct,fdbk_correct,thought_correct
_instance,890f44d9-b04c-49aa-a876-673b71b0fcb0,105028-b-m3-success.txt,model_correct,fdbk_correct,thought_correct
_instance,890f44d9-b04c-49aa-a876-673b71b0fcb0,54200-h-m4-success.txt,model_correct,fdbk_correct,thought_correct
_instance,890f44d9-b04c-49aa-a876-673b71b0fcb0,54366-h-close-success.txt,model_correct,fdbk_correct,thought_correct
_instance,890f44d9-b04c-49aa-a876-673b71b0fcb0,104944-b-failed.txt,model_incorrect,fdbk_incorrect,thought_incorrect
_instance,9d529b0f-e878-4f4c-9088-6ab0badf7731,54721-h-m2-success.txt,model_correct,fdbk_correct,thought_correct
_instance,9d529b0f-e878-4f4c-9088-6ab0badf7731,105057-b-close-failed.txt,model_incorrect,fdbk_correct,thought_correct
_instance,9d529b0f-e878-4f4c-9088-6ab0badf7731,104944-b-failed.txt,model_incorrect,fdbk_correct,thought_unsure
_instance,9d529b0f-e878-4f4c-9088-6ab0badf7731,54775-h-failed.txt,model_incorrect,fdbk_correct,thought_correct
_instance,9d529b0f-e878-4f4c-9088-6ab0badf7731,104979-success.txt,model_correct,fdbk_correct,thought_correct
_instance,9d529b0f-e878-4f4c-9088-6ab0badf7731,104993-success.txt,model_correct,fdbk_correct,thought_correct
_instance,9d529b0f-e878-4f4c-9088-6ab0badf7731,54295-h-m1-success.txt,model_correct,fdbk_correct,thought_correct
_instance,9d529b0f-e878-4f4c-9088-6ab0badf7731,105028-b-m3-success.txt,model_correct,fdbk_correct,thought_correct
_instance,9d529b0f-e878-4f4c-9088-6ab0badf7731,54200-h-m4-success.txt,model_correct,fdbk_correct,thought_correct
_instance,9d529b0f-e878-4f4c-9088-6ab0badf7731,54366-h-close-success.txt,model_correct,fdbk_correct,thought_correct
_instance,d751eff7-1cb3-407d-b13d-c245dbb7ecb4,54721-h-m2-success.txt,model_correct,fdbk_correct,thought_correct
_instance,d751eff7-1cb3-407d-b13d-c245dbb7ecb4,104944-b-failed.txt,model_incorrect,fdbk_incorrect,thought_unsure
_instance,d751eff7-1cb3-407d-b13d-c245dbb7ecb4,54775-h-failed.txt,model_incorrect,fdbk_incorrect,thought_incorrect
_instance,d751eff7-1cb3-407d-b13d-c245dbb7ecb4,104979-success.txt,model_correct,fdbk_correct,thought_correct
_instance,d751eff7-1cb3-407d-b13d-c245dbb7ecb4,104993-success.txt,model_correct,fdbk_correct,thought_correct
_instance,d751eff7-1cb3-407d-b13d-c245dbb7ecb4,54295-h-m1-success.txt,model_correct,fdbk_correct,thought_correct
_instance,d751eff7-1cb3-407d-b13d-c245dbb7ecb4,105028-b-m3-success.txt,model_correct,fdbk_correct,thought_correct
_instance,d751eff7-1cb3-407d-b13d-c245dbb7ecb4,54200-h-m4-success.txt,model_correct,fdbk_correct,thought_correct
_instance,d751eff7-1cb3-407d-b13d-c245dbb7ecb4,54366-h-close-success.txt,model_correct,fdbk_correct,thought_correct
_instance,d751eff7-1cb3-407d-b13d-c245dbb7ecb4,105057-b-close-failed.txt,model_incorrect,fdbk_incorrect,thought_incorrect
_instance,b25facc1-77ac-432f-8338-86b00bae02e1,54721-h-m2-success.txt,model_correct,fdbk_correct,thought_correct
_instance,b25facc1-77ac-432f-8338-86b00bae02e1,54775-h-failed.txt,model_incorrect,fdbk_incorrect,thought_incorrect
_instance,b25facc1-77ac-432f-8338-86b00bae02e1,104979-success.txt,model_correct,fdbk_correct,thought_correct
_instance,b25facc1-77ac-432f-8338-86b00bae02e1,54295-h-m1-success.txt,model_correct,fdbk_correct,thought_correct
_instance,b25facc1-77ac-432f-8338-86b00bae02e1,104993-success.txt,model_correct,fdbk_correct,thought_correct
_instance,b25facc1-77ac-432f-8338-86b00bae02e1,105028-b-m3-success.txt,model_correct,fdbk_correct,thought_correct
_instance,b25facc1-77ac-432f-8338-86b00bae02e1,54200-h-m4-success.txt,model_correct,fdbk_correct,thought_correct
_instance,b25facc1-77ac-432f-8338-86b00bae02e1,54366-h-close-success.txt,model_correct,fdbk_correct,thought_correct
_instance,b25facc1-77ac-432f-8338-86b00bae02e1,105057-b-close-failed.txt,model_incorrect,fdbk_incorrect,thought_incorrect
_instance,b25facc1-77ac-432f-8338-86b00bae02e1,104944-b-failed.txt,model_incorrect,fdbk_incorrect,thought_incorrect
_instance,2c26b600-9ebc-4598-b8bf-7264f3e04616,54721-h-m2-success.txt,model_correct,fdbk_correct,thought_correct
_instance,2c26b600-9ebc-4598-b8bf-7264f3e04616,104944-b-failed.txt,model_incorrect,fdbk_incorrect,thought_unsure
_instance,2c26b600-9ebc-4598-b8bf-7264f3e04616,104979-success.txt,model_correct,fdbk_correct,thought_correct
_instance,2c26b600-9ebc-4598-b8bf-7264f3e04616,104993-success.txt,model_correct,fdbk_correct,thought_correct
_instance,2c26b600-9ebc-4598-b8bf-7264f3e04616,54295-h-m1-success.txt,model_correct,fdbk_correct,thought_correct
_instance,2c26b600-9ebc-4598-b8bf-7264f3e04616,105028-b-m3-success.txt,model_correct,fdbk_correct,thought_correct
_instance,2c26b600-9ebc-4598-b8bf-7264f3e04616,54200-h-m4-success.txt,model_correct,fdbk_correct,thought_correct
_instance,2c26b600-9ebc-4598-b8bf-7264f3e04616,54366-h-close-success.txt,model_correct,fdbk_correct,thought_correct
_instance,2c26b600-9ebc-4598-b8bf-7264f3e04616,105057-b-close-failed.txt,model_incorrect,fdbk_incorrect,thought_incorrect
_instance,2c26b600-9ebc-4598-b8bf-7264f3e04616,54775-h-failed.txt,model_incorrect,fdbk_correct,thought_unsure
_instance,8398fd30-cf91-45dc-8ba1-bda01f01f093,54721-h-m2-success.txt,model_correct,fdbk_correct,thought_correct
_instance,8398fd30-cf91-45dc-8ba1-bda01f01f093,104944-b-failed.txt,model_incorrect,fdbk_incorrect,thought_unsure
_instance,8398fd30-cf91-45dc-8ba1-bda01f01f093,105028-b-m3-success.txt,model_correct,fdbk_incorrect,thought_incorrect
_instance,8398fd30-cf91-45dc-8ba1-bda01f01f093,104979-success.txt,model_correct,fdbk_correct,thought_correct
_instance,8398fd30-cf91-45dc-8ba1-bda01f01f093,104993-success.txt,model_correct,fdbk_correct,thought_correct
_instance,8398fd30-cf91-45dc-8ba1-bda01f01f093,54295-h-m1-success.txt,model_correct,fdbk_correct,thought_correct
_instance,8398fd30-cf91-45dc-8ba1-bda01f01f093,54200-h-m4-success.txt,model_correct,fdbk_correct,thought_correct
_instance,8398fd30-cf91-45dc-8ba1-bda01f01f093,54366-h-close-success.txt,model_correct,fdbk_correct,thought_correct
_instance,8398fd30-cf91-45dc-8ba1-bda01f01f093,105057-b-close-failed.txt,model_incorrect,fdbk_incorrect,thought_incorrect
_instance,8398fd30-cf91-45dc-8ba1-bda01f01f093,54775-h-failed.txt,model_incorrect,fdbk_incorrect,thought_unsure
_instance,708e2a1d-e70a-4513-907b-8e64a7e18abe,105057-b-close-failed.txt,model_incorrect,fdbk_correct,thought_correct
_instance,708e2a1d-e70a-4513-907b-8e64a7e18abe,54721-h-m2-success.txt,model_correct,fdbk_correct,thought_correct
_instance,708e2a1d-e70a-4513-907b-8e64a7e18abe,104944-b-failed.txt,model_incorrect,fdbk_correct,thought_unsure
_instance,708e2a1d-e70a-4513-907b-8e64a7e18abe,54775-h-failed.txt,model_incorrect,fdbk_incorrect,thought_incorrect
_instance,708e2a1d-e70a-4513-907b-8e64a7e18abe,104979-success.txt,model_correct,fdbk_correct,thought_correct
_instance,708e2a1d-e70a-4513-907b-8e64a7e18abe,104993-success.txt,model_correct,fdbk_correct,thought_correct
_instance,708e2a1d-e70a-4513-907b-8e64a7e18abe,54295-h-m1-success.txt,model_correct,fdbk_correct,thought_correct
_instance,708e2a1d-e70a-4513-907b-8e64a7e18abe,105028-b-m3-success.txt,model_correct,fdbk_correct,thought_correct
_instance,708e2a1d-e70a-4513-907b-8e64a7e18abe,54200-h-m4-success.txt,model_correct,fdbk_correct,thought_correct
_instance,708e2a1d-e70a-4513-907b-8e64a7e18abe,54366-h-close-success.txt,model_correct,fdbk_correct,thought_correct
_instance,60b298de-aa0c-46b8-ba58-cf939a99ae54,54721-h-m2-success.txt,model_correct,fdbk_correct,thought_correct
_instance,60b298de-aa0c-46b8-ba58-cf939a99ae54,104944-b-failed.txt,model_incorrect,fdbk_incorrect,thought_unsure
_instance,60b298de-aa0c-46b8-ba58-cf939a99ae54,54775-h-failed.txt,model_incorrect,fdbk_incorrect,thought_incorrect
_instance,60b298de-aa0c-46b8-ba58-cf939a99ae54,104979-success.txt,model_correct,fdbk_correct,thought_correct
_instance,60b298de-aa0c-46b8-ba58-cf939a99ae54,104993-success.txt,model_correct,fdbk_correct,thought_correct
_instance,60b298de-aa0c-46b8-ba58-cf939a99ae54,54295-h-m1-success.txt,model_correct,fdbk_correct,thought_correct
_instance,60b298de-aa0c-46b8-ba58-cf939a99ae54,105028-b-m3-success.txt,model_correct,fdbk_correct,thought_correct
_instance,60b298de-aa0c-46b8-ba58-cf939a99ae54,54200-h-m4-success.txt,model_correct,fdbk_correct,thought_correct
_instance,60b298de-aa0c-46b8-ba58-cf939a99ae54,54366-h-close-success.txt,model_correct,fdbk_correct,thought_correct
_instance,60b298de-aa0c-46b8-ba58-cf939a99ae54,105057-b-close-failed.txt,model_incorrect,fdbk_incorrect,thought_incorrect
_instance,45895ef8-c037-4be2-bbc7-77bf08cb163c,54721-h-m2-success.txt,model_correct,fdbk_correct,thought_correct
_instance,45895ef8-c037-4be2-bbc7-77bf08cb163c,54775-h-failed.txt,model_incorrect,fdbk_incorrect,thought_incorrect
_instance,45895ef8-c037-4be2-bbc7-77bf08cb163c,104979-success.txt,model_correct,fdbk_correct,thought_correct
_instance,45895ef8-c037-4be2-bbc7-77bf08cb163c,104993-success.txt,model_correct,fdbk_correct,thought_correct
_instance,45895ef8-c037-4be2-bbc7-77bf08cb163c,54295-h-m1-success.txt,model_correct,fdbk_correct,thought_correct
_instance,45895ef8-c037-4be2-bbc7-77bf08cb163c,105028-b-m3-success.txt,model_correct,fdbk_correct,thought_correct
_instance,45895ef8-c037-4be2-bbc7-77bf08cb163c,54200-h-m4-success.txt,model_correct,fdbk_correct,thought_correct
_instance,45895ef8-c037-4be2-bbc7-77bf08cb163c,54366-h-close-success.txt,model_correct,fdbk_correct,thought_correct
_instance,45895ef8-c037-4be2-bbc7-77bf08cb163c,105057-b-close-failed.txt,model_incorrect,fdbk_incorrect,thought_incorrect
_instance,45895ef8-c037-4be2-bbc7-77bf08cb163c,104944-b-failed.txt,model_incorrect,fdbk_incorrect,thought_incorrect
